semana_inicio,compras_importe_semanal,tendencia_stl,estacional_stl,residuo_stl
2022-01-03,93.62376237623761,-38.40971206518442,142.2733820318411,-10.239907590419065
2022-01-10,546.6958981612446,-29.482889018182295,585.9679163573256,-9.78912917789874
2022-01-17,508.2934370579914,-20.558896977326132,538.1925598458907,-9.340225810573198
2022-01-24,107.5558698727015,-11.637832535937587,128.08689034963692,-8.893187940997823
2022-01-31,311.8986263736264,-2.7197961743103054,323.06641137174466,-8.44798882380793
2022-02-07,479.8357142857142,6.195107590802824,481.6452016989507,-8.004595004039349
2022-02-14,67.65109890109889,15.106770056083512,60.10730269718846,-7.56297385217308
2022-02-21,166.1510989010989,24.015078182259877,149.25911918454804,-7.1230984657090275
2022-02-28,337.4120805369127,32.919917646783276,311.17711152806146,-6.684948637932038
2022-03-07,0.0,41.821185530761234,-35.572679406925346,-6.248506123835888
2022-03-14,231.9046979865771,50.71879292644552,186.9996589990054,-5.813753938873809
2022-03-21,279.4491275167785,59.61266421333012,225.21714061912468,-5.380677315676294
2022-03-28,231.32109375,68.50273637979485,167.76762233360432,-4.949264963399187
2022-04-04,279.5963541666667,77.38895838481933,206.72690645538563,-4.519510673538278
2022-04-11,0.0,86.27129055507922,-82.17987521972445,-4.0914153353547675
2022-04-18,0.0,95.14970401345523,-91.48471455214374,-3.6649894613114924
2022-04-25,685.225631127451,104.02418013571092,584.4417073947593,-3.2402564030191883
2022-05-02,0.0,112.8947100327117,-110.07745341405918,-2.8172566186525216
2022-05-09,430.0522875816993,121.76129405624359,310.6870472905225,-2.3960537650667817
2022-05-16,0.0,130.6239413270858,-128.64719700172134,-1.97674432536445
2022-05-23,0.0,139.482669284672,-137.92319471181645,-1.5594745728555495
2022-05-30,451.1521902377971,148.33750325832108,303.95916010586456,-1.1444731263885615
2022-06-06,65.09136420525657,157.18847606078643,-91.364996011494,-0.7321158440358602
2022-06-13,60.16020025031289,166.03562760570324,-105.5523763159855,-0.32305103940484514
2022-06-20,22.68335419274093,174.87900455162526,-152.2772482727848,0.08159791390045257
2022-06-27,466.6052479710067,183.71865997679942,282.4064869019859,0.4801010922213891
2022-07-04,0.0,192.55465309090744,-193.42560641679577,0.8709533258883368
2022-07-11,0.0,201.3870489923585,-202.6422303170589,1.255181324700402
2022-07-18,43.50920245398773,210.21591848052105,-168.3438894695556,1.6371734430222773
2022-07-25,507.8490797546012,219.0413379294202,286.7907495606155,2.016992264565488
2022-08-01,204.2006896551724,227.86338922699662,-26.056835476839485,2.3941359050152755
2022-08-08,36.22988505747126,236.6821597909917,-203.21978730161825,2.7675125680978
2022-08-15,115.4827586206897,245.49774267737047,-133.1504425949547,3.1354585382739515
2022-08-22,92.61264367816094,254.31023680079957,-165.1934072249226,3.4958141022839584
2022-08-29,426.5163218390806,263.11974728978026,159.55049290319346,3.8460816461068816
2022-09-05,116.3885057471265,271.9263860002774,-159.72151949497925,4.1836392418283594
2022-09-12,175.2620689655172,280.7302722084662,-109.97415948834077,4.505956245391758
2022-09-19,363.2045977011494,289.53153349079497,68.86231189826206,4.810752312092347
2022-09-26,439.178042013476,298.3303067692609,135.75163651232378,5.0960987318912885
2022-10-03,32.79429250891796,307.12673943622843,-279.6929203376716,5.360473410361124
2022-10-10,0.0,315.92099034893533,-321.52376970833393,5.602779359398596
2022-10-17,275.2378121284185,324.7132302511325,-55.297753260362285,5.822335137648338
2022-10-24,175.4494649227111,333.50364075549186,-164.0730200976584,6.0188442648776
2022-10-31,355.5999856702948,342.2924102659328,7.115226228903729,6.192349175458276
2022-11-07,380.6141025641026,351.07972390557103,23.191204971159777,6.343173687371802
2022-11-14,67.93974358974359,359.8657422909179,-298.3978548135096,6.471856112335274
2022-11-21,119.4628205128205,368.6505603713843,-255.76681270176775,6.57907284320396
2022-11-28,651.5230146239097,377.4341320490499,267.42333320682076,6.6655493680390805
2022-12-05,345.1278772378516,386.2161390162595,-47.82021406759726,6.731952289189337
2022-12-12,278.1176470588235,394.9957758125927,-123.65688198880363,6.778753235034401
2022-12-19,741.8989769820972,403.7714277448068,331.32149145061436,6.806057786676092
2022-12-26,849.229807197985,412.37721107231783,430.0911998691356,6.761396256531555
2023-01-02,1890.502654867256,420.9695304928438,1462.836524009932,6.696600364480332
2023-01-09,185.7926675094816,429.5478068431885,-250.36717440656943,6.612035072862568
2023-01-16,578.9907206068267,438.111396902694,134.37139236572713,6.507931338405513
2023-01-23,502.2877370417194,446.65970841446574,49.243575934572384,6.384452692681293
2023-01-30,356.7200128744969,455.1924246901267,-104.71421530897223,6.241803493342445
2023-02-06,508.901154855643,463.70957477214455,39.111254667603866,6.080325415894549
2023-02-13,320.0603674540682,472.2115394112081,-158.0517534920913,5.900581534951414
2023-02-20,84.53937007874015,480.69875967477816,-401.8627107205789,5.703321124540878
2023-02-27,673.0103032741345,489.17162282363034,178.34918778925285,5.48949266125129
2023-03-06,334.8597372262774,497.4975522100614,-167.8645379963473,5.226723012563298
2023-03-13,1002.594832116788,505.82217633385267,491.8182802110933,4.954375571842036
2023-03-20,504.4465401459854,514.1461305705055,-14.373512697029597,4.673922272509458
2023-03-27,759.2730861313869,522.4696257012381,232.41646092484288,4.38699950530588
2023-04-03,106.134144,530.792629322027,-428.7538866034224,4.095401281395425
2023-04-10,0.0,539.114985145496,-542.9160345122804,3.801049366784355
2023-04-17,373.512,547.43648457882,-177.43042900994095,3.5059444311209518
2023-04-24,286.371808,555.7569067023632,-272.59720050473373,3.212101802370512
2023-05-01,891.0876712328767,564.0760389399443,324.0901572726566,2.921475020275807
2023-05-08,0.0,572.3936865619954,-575.0295570742862,2.6358705122908077
2023-05-15,37.10616438356165,580.7096760364947,-545.9603690527279,2.356857399794876
2023-05-22,1162.758767123288,589.0238551784943,571.6492343366697,2.0856776081240014
2023-05-29,58.69520547945206,597.3360917742057,-540.4640493338583,1.8231630391046565
2023-06-05,165.8537549407115,605.6462715993088,-441.36218519470793,1.5696685361107257
2023-06-12,53.72727272727273,613.9542963149426,-561.5520553079838,1.325031720313973
2023-06-19,0.0,622.260081479321,-623.3486549900017,1.0885735106807033
2023-06-26,634.0281474085504,630.5635547783608,2.605436352556086,0.859156277633474
2023-07-03,0.0,638.8646545074278,-639.4999746533762,0.6353201459484126
2023-07-10,1462.513194154488,647.1633283004783,814.934356576749,0.41550927726075315
2023-07-17,568.3799582463464,655.4595320864206,-87.277910605546,0.19833676547182222
2023-07-24,609.1536116910229,663.7532292461693,-54.5824574579761,-0.0171600971702901
2023-07-31,1494.48275862069,672.0443899426824,822.6696885634333,-0.23131988542570525
2023-08-07,604.4588362068965,680.3329905971738,-75.43043088572418,-0.44372350455307696
2023-08-14,417.7758620689655,688.6190134866689,-270.1899956261667,-0.653155791536733
2023-08-21,442.4008620689655,696.9024464399964,-253.65832809096656,-0.8432562800643382
2023-08-28,2250.320466873305,705.1832826061341,1546.150556625308,-1.0133723581368486
2023-09-04,2127.90988764045,713.4615202565572,1415.617423166453,-1.169055782560008
2023-09-11,461.7325842696629,721.7371626062885,-258.6885615470004,-1.3160167896252233
2023-09-18,530.2620224719101,730.0102176542059,-198.29033625627451,-1.4578589260213448
2023-09-25,567.9818536688294,738.2806980454081,-168.70220858768351,-1.596635788895128
2023-10-02,454.1173708920188,746.5486209558351,-290.6977183702642,-1.733531693552095
2023-10-09,925.8075117370892,754.8140079972161,172.86276859095614,-1.8692648510830168
2023-10-16,2072.819201877934,763.0768851396839,1311.7466081379496,-2.0042913996993548
2023-10-23,0.0,771.3372826494651,-769.198376866686,-2.1389057827791476
2023-10-30,2385.585732916015,779.5952350394606,1608.2637899158592,-2.27329203930492
2023-11-06,496.786574074074,787.8507810310538,-288.65665465758576,-2.4075522993940695
2023-11-13,614.2569444444443,796.103963525952,-179.3052946767634,-2.5417244047442864
2023-11-20,1026.041666666667,804.354829587305,224.36263103097093,-2.6757939516089664
2023-11-27,1036.623136027659,812.6034304297063,226.8294087209646,-2.8097031230119
2023-12-04,2378.677768240343,820.8498214180871,1560.7713042238868,-2.9433574016308057
2023-12-11,1156.127896995708,829.094062075646,330.11046562126046,-3.0766307011984964
2023-12-18,286.4109442060086,837.3362161013185,-547.7159026854595,-3.209369209850479
2023-12-25,832.8111587982831,845.5763513974134,-9.42379847428485,-3.341394124845465
2024-01-01,52.47950819672131,853.8145401082725,-797.8625285132662,-3.472503398284971
2024-01-08,778.0531147540983,862.0508573358545,-80.39526905418106,-3.602473527575171
2024-01-15,92.8483606557377,870.2853759540418,-773.7059500597626,-3.7310652385415324
2024-01-22,453.6651639344262,878.5181654649466,-420.9949667566653,-3.858034773855138
2024-01-29,0.0,886.7492921651082,-882.7661402329799,-3.983151932128294
2024-02-05,1093.385818181818,894.9788193047328,202.5132217045004,-4.1062228274153085
2024-02-12,2678.653772727273,903.2068072400082,1779.6740839523413,-4.227118465076501
