Estado,Mes,Valor,fecha,archivo
Aguascalientes,Ene,13.5,01/01/2022,2022.pdf
Baja California,Ene,14.3,01/01/2022,2022.pdf
Baja California Sur,Ene,19.2,01/01/2022,2022.pdf
Campeche,Ene,23.9,01/01/2022,2022.pdf
Coahuila,Ene,13,01/01/2022,2022.pdf
Colima,Ene,25.4,01/01/2022,2022.pdf
Chiapas,Ene,22.4,01/01/2022,2022.pdf
Chihuahua,Ene,10.9,01/01/2022,2022.pdf
Ciudad de México,Ene,15.4,01/01/2022,2022.pdf
Durango,Ene,12.3,01/01/2022,2022.pdf
Guanajuato,Ene,15.7,01/01/2022,2022.pdf
Guerrero,Ene,24.4,01/01/2022,2022.pdf
Hidalgo,Ene,15.2,01/01/2022,2022.pdf
Jalisco,Ene,18.2,01/01/2022,2022.pdf
Estado de México,Ene,12.3,01/01/2022,2022.pdf
Michoacán,Ene,17.6,01/01/2022,2022.pdf
Morelos,Ene,19.7,01/01/2022,2022.pdf
Nayarit,Ene,21.6,01/01/2022,2022.pdf
Nuevo León,Ene,13.6,01/01/2022,2022.pdf
Oaxaca,Ene,20.8,01/01/2022,2022.pdf
Puebla,Ene,15.7,01/01/2022,2022.pdf
Querétaro,Ene,16.4,01/01/2022,2022.pdf
Quintana Roo,Ene,24,01/01/2022,2022.pdf
San Luis Potosí,Ene,17.5,01/01/2022,2022.pdf
Sinaloa,Ene,20.7,01/01/2022,2022.pdf
Sonora,Ene,15.5,01/01/2022,2022.pdf
Tabasco,Ene,24,01/01/2022,2022.pdf
Tamaulipas,Ene,16.7,01/01/2022,2022.pdf
Tlaxcala,Ene,12.3,01/01/2022,2022.pdf
Veracruz,Ene,18.7,01/01/2022,2022.pdf
Yucatán,Ene,22.9,01/01/2022,2022.pdf
Zacatecas,Ene,13.7,01/01/2022,2022.pdf
Nacional,Ene,16.6,01/01/2022,2022.pdf
Aguascalientes,Feb,14.4,01/02/2022,2022.pdf
Baja California,Feb,14.6,01/02/2022,2022.pdf
Baja California Sur,Feb,18.3,01/02/2022,2022.pdf
Campeche,Feb,25,01/02/2022,2022.pdf
Coahuila,Feb,14,01/02/2022,2022.pdf
Colima,Feb,25.6,01/02/2022,2022.pdf
Chiapas,Feb,22.9,01/02/2022,2022.pdf
Chihuahua,Feb,11.1,01/02/2022,2022.pdf
Ciudad de México,Feb,16.2,01/02/2022,2022.pdf
Durango,Feb,12.7,01/02/2022,2022.pdf
Guanajuato,Feb,16.5,01/02/2022,2022.pdf
Guerrero,Feb,25.4,01/02/2022,2022.pdf
Hidalgo,Feb,15.7,01/02/2022,2022.pdf
Jalisco,Feb,19.1,01/02/2022,2022.pdf
Estado de México,Feb,13.1,01/02/2022,2022.pdf
Michoacán,Feb,18.5,01/02/2022,2022.pdf
Morelos,Feb,20.9,01/02/2022,2022.pdf
Nayarit,Feb,22.2,01/02/2022,2022.pdf
Nuevo León,Feb,14.4,01/02/2022,2022.pdf
Oaxaca,Feb,21.6,01/02/2022,2022.pdf
Puebla,Feb,16,01/02/2022,2022.pdf
Querétaro,Feb,16.9,01/02/2022,2022.pdf
Quintana Roo,Feb,25.3,01/02/2022,2022.pdf
San Luis Potosí,Feb,18.1,01/02/2022,2022.pdf
Sinaloa,Feb,20,01/02/2022,2022.pdf
Sonora,Feb,14.7,01/02/2022,2022.pdf
Tabasco,Feb,24.7,01/02/2022,2022.pdf
Tamaulipas,Feb,16.6,01/02/2022,2022.pdf
Tlaxcala,Feb,13.1,01/02/2022,2022.pdf
Veracruz,Feb,18.6,01/02/2022,2022.pdf
Yucatán,Feb,24.3,01/02/2022,2022.pdf
Zacatecas,Feb,14.4,01/02/2022,2022.pdf
Nacional,Feb,17,01/02/2022,2022.pdf
Aguascalientes,Mar,16.9,01/03/2022,2022.pdf
Baja California,Mar,16.5,01/03/2022,2022.pdf
Baja California Sur,Mar,20,01/03/2022,2022.pdf
Campeche,Mar,26.9,01/03/2022,2022.pdf
Coahuila,Mar,19.2,01/03/2022,2022.pdf
Colima,Mar,24.2,01/03/2022,2022.pdf
Chiapas,Mar,24.7,01/03/2022,2022.pdf
Chihuahua,Mar,15,01/03/2022,2022.pdf
Ciudad de México,Mar,18.5,01/03/2022,2022.pdf
Durango,Mar,16.3,01/03/2022,2022.pdf
Guanajuato,Mar,18.7,01/03/2022,2022.pdf
Guerrero,Mar,25.6,01/03/2022,2022.pdf
Hidalgo,Mar,18.6,01/03/2022,2022.pdf
Jalisco,Mar,20.5,01/03/2022,2022.pdf
Estado de México,Mar,15.1,01/03/2022,2022.pdf
Michoacán,Mar,19.9,01/03/2022,2022.pdf
Morelos,Mar,23,01/03/2022,2022.pdf
Nayarit,Mar,22.3,01/03/2022,2022.pdf
Nuevo León,Mar,19.1,01/03/2022,2022.pdf
Oaxaca,Mar,23.6,01/03/2022,2022.pdf
Puebla,Mar,18.3,01/03/2022,2022.pdf
Querétaro,Mar,19.9,01/03/2022,2022.pdf
Quintana Roo,Mar,26.7,01/03/2022,2022.pdf
San Luis Potosí,Mar,21.6,01/03/2022,2022.pdf
Sinaloa,Mar,21.3,01/03/2022,2022.pdf
Sonora,Mar,17.5,01/03/2022,2022.pdf
Tabasco,Mar,26.5,01/03/2022,2022.pdf
Tamaulipas,Mar,21.4,01/03/2022,2022.pdf
Tlaxcala,Mar,15.3,01/03/2022,2022.pdf
Veracruz,Mar,21.3,01/03/2022,2022.pdf
Yucatán,Mar,26,01/03/2022,2022.pdf
Zacatecas,Mar,16.9,01/03/2022,2022.pdf
Nacional,Mar,19.8,01/03/2022,2022.pdf
Aguascalientes,Abr,19.8,01/04/2022,2022.pdf
Baja California,Abr,19.2,01/04/2022,2022.pdf
Baja California Sur,Abr,21.8,01/04/2022,2022.pdf
Campeche,Abr,29.3,01/04/2022,2022.pdf
Coahuila,Abr,24.7,01/04/2022,2022.pdf
Colima,Abr,25.5,01/04/2022,2022.pdf
Chiapas,Abr,26.5,01/04/2022,2022.pdf
Chihuahua,Abr,20.7,01/04/2022,2022.pdf
Ciudad de México,Abr,20.3,01/04/2022,2022.pdf
Durango,Abr,20.6,01/04/2022,2022.pdf
Guanajuato,Abr,21.5,01/04/2022,2022.pdf
Guerrero,Abr,27.2,01/04/2022,2022.pdf
Hidalgo,Abr,21.4,01/04/2022,2022.pdf
Jalisco,Abr,22.8,01/04/2022,2022.pdf
Estado de México,Abr,16.7,01/04/2022,2022.pdf
Michoacán,Abr,22.5,01/04/2022,2022.pdf
Morelos,Abr,25,01/04/2022,2022.pdf
Nayarit,Abr,24.9,01/04/2022,2022.pdf
Nuevo León,Abr,24.9,01/04/2022,2022.pdf
Oaxaca,Abr,25,01/04/2022,2022.pdf
Puebla,Abr,20.7,01/04/2022,2022.pdf
Querétaro,Abr,22.5,01/04/2022,2022.pdf
Quintana Roo,Abr,27.9,01/04/2022,2022.pdf
San Luis Potosí,Abr,26.5,01/04/2022,2022.pdf
Sinaloa,Abr,24.7,01/04/2022,2022.pdf
Sonora,Abr,21.9,01/04/2022,2022.pdf
Tabasco,Abr,29.1,01/04/2022,2022.pdf
Tamaulipas,Abr,27.2,01/04/2022,2022.pdf
Tlaxcala,Abr,17,01/04/2022,2022.pdf
Veracruz,Abr,25,01/04/2022,2022.pdf
Yucatán,Abr,28.4,01/04/2022,2022.pdf
Zacatecas,Abr,20.4,01/04/2022,2022.pdf
Nacional,Abr,23.4,01/04/2022,2022.pdf
Aguascalientes,May,22.5,01/05/2022,2022.pdf
Baja California,May,21.3,01/05/2022,2022.pdf
Baja California Sur,May,23.7,01/05/2022,2022.pdf
Campeche,May,30,01/05/2022,2022.pdf
Coahuila,May,28.2,01/05/2022,2022.pdf
Colima,May,26.6,01/05/2022,2022.pdf
Chiapas,May,26.6,01/05/2022,2022.pdf
Chihuahua,May,24.4,01/05/2022,2022.pdf
Ciudad de México,May,21.7,01/05/2022,2022.pdf
Durango,May,23.2,01/05/2022,2022.pdf
Guanajuato,May,23.4,01/05/2022,2022.pdf
Guerrero,May,27.8,01/05/2022,2022.pdf
Hidalgo,May,22.6,01/05/2022,2022.pdf
Jalisco,May,24.7,01/05/2022,2022.pdf
Estado de México,May,17.9,01/05/2022,2022.pdf
Michoacán,May,23.9,01/05/2022,2022.pdf
Morelos,May,26.3,01/05/2022,2022.pdf
Nayarit,May,27.1,01/05/2022,2022.pdf
Nuevo León,May,28.1,01/05/2022,2022.pdf
Oaxaca,May,26.1,01/05/2022,2022.pdf
Puebla,May,21.9,01/05/2022,2022.pdf
Querétaro,May,24.5,01/05/2022,2022.pdf
Quintana Roo,May,29,01/05/2022,2022.pdf
San Luis Potosí,May,28.7,01/05/2022,2022.pdf
Sinaloa,May,27.1,01/05/2022,2022.pdf
Sonora,May,24.9,01/05/2022,2022.pdf
Tabasco,May,30.5,01/05/2022,2022.pdf
Tamaulipas,May,29.9,01/05/2022,2022.pdf
Tlaxcala,May,17.8,01/05/2022,2022.pdf
Veracruz,May,26.8,01/05/2022,2022.pdf
Yucatán,May,29.2,01/05/2022,2022.pdf
Zacatecas,May,22.7,01/05/2022,2022.pdf
Nacional,May,25.7,01/05/2022,2022.pdf
Aguascalientes,Jun,21.7,01/06/2022,2022.pdf
Baja California,Jun,25.4,01/06/2022,2022.pdf
Baja California Sur,Jun,26.7,01/06/2022,2022.pdf
Campeche,Jun,28.5,01/06/2022,2022.pdf
Coahuila,Jun,29.5,01/06/2022,2022.pdf
Colima,Jun,28,01/06/2022,2022.pdf
Chiapas,Jun,24.8,01/06/2022,2022.pdf
Chihuahua,Jun,26.6,01/06/2022,2022.pdf
Ciudad de México,Jun,19.3,01/06/2022,2022.pdf
Durango,Jun,24,01/06/2022,2022.pdf
Guanajuato,Jun,21.9,01/06/2022,2022.pdf
Guerrero,Jun,26.3,01/06/2022,2022.pdf
Hidalgo,Jun,20.6,01/06/2022,2022.pdf
Jalisco,Jun,24.2,01/06/2022,2022.pdf
Estado de México,Jun,16.4,01/06/2022,2022.pdf
Michoacán,Jun,22.5,01/06/2022,2022.pdf
Morelos,Jun,23.8,01/06/2022,2022.pdf
Nayarit,Jun,28.4,01/06/2022,2022.pdf
Nuevo León,Jun,28.4,01/06/2022,2022.pdf
Oaxaca,Jun,24.3,01/06/2022,2022.pdf
Puebla,Jun,20.2,01/06/2022,2022.pdf
Querétaro,Jun,22.5,01/06/2022,2022.pdf
Quintana Roo,Jun,28.3,01/06/2022,2022.pdf
San Luis Potosí,Jun,27.1,01/06/2022,2022.pdf
Sinaloa,Jun,30.2,01/06/2022,2022.pdf
Sonora,Jun,30,01/06/2022,2022.pdf
Tabasco,Jun,28.5,01/06/2022,2022.pdf
Tamaulipas,Jun,29.8,01/06/2022,2022.pdf
Tlaxcala,Jun,17,01/06/2022,2022.pdf
Veracruz,Jun,24.7,01/06/2022,2022.pdf
Yucatán,Jun,28.4,01/06/2022,2022.pdf
Zacatecas,Jun,22.1,01/06/2022,2022.pdf
Nacional,Jun,26.4,01/06/2022,2022.pdf
Aguascalientes,Jul,21,01/07/2022,2022.pdf
Baja California,Jul,27.1,01/07/2022,2022.pdf
Baja California Sur,Jul,29,01/07/2022,2022.pdf
Campeche,Jul,28.7,01/07/2022,2022.pdf
Coahuila,Jul,30.1,01/07/2022,2022.pdf
Colima,Jul,28.5,01/07/2022,2022.pdf
Chiapas,Jul,25.3,01/07/2022,2022.pdf
Chihuahua,Jul,26,01/07/2022,2022.pdf
Ciudad de México,Jul,19.7,01/07/2022,2022.pdf
Durango,Jul,23.8,01/07/2022,2022.pdf
Guanajuato,Jul,21.3,01/07/2022,2022.pdf
Guerrero,Jul,26.4,01/07/2022,2022.pdf
Hidalgo,Jul,21.1,01/07/2022,2022.pdf
Jalisco,Jul,23.5,01/07/2022,2022.pdf
Estado de México,Jul,16.6,01/07/2022,2022.pdf
Michoacán,Jul,21.7,01/07/2022,2022.pdf
Morelos,Jul,23.5,01/07/2022,2022.pdf
Nayarit,Jul,28.3,01/07/2022,2022.pdf
Nuevo León,Jul,29.1,01/07/2022,2022.pdf
Oaxaca,Jul,24.8,01/07/2022,2022.pdf
Puebla,Jul,20.2,01/07/2022,2022.pdf
Querétaro,Jul,22.5,01/07/2022,2022.pdf
Quintana Roo,Jul,29,01/07/2022,2022.pdf
San Luis Potosí,Jul,27.1,01/07/2022,2022.pdf
Sinaloa,Jul,30.3,01/07/2022,2022.pdf
Sonora,Jul,30.9,01/07/2022,2022.pdf
Tabasco,Jul,29.3,01/07/2022,2022.pdf
Tamaulipas,Jul,30.7,01/07/2022,2022.pdf
Tlaxcala,Jul,16.9,01/07/2022,2022.pdf
Veracruz,Jul,25,01/07/2022,2022.pdf
Yucatán,Jul,28.6,01/07/2022,2022.pdf
Zacatecas,Jul,21.7,01/07/2022,2022.pdf
Nacional,Jul,26.6,01/07/2022,2022.pdf
Aguascalientes,Ago,20.3,01/08/2022,2022.pdf
Baja California,Ago,28,01/08/2022,2022.pdf
Baja California Sur,Ago,29.2,01/08/2022,2022.pdf
Campeche,Ago,28.8,01/08/2022,2022.pdf
Coahuila,Ago,28.5,01/08/2022,2022.pdf
Colima,Ago,28.2,01/08/2022,2022.pdf
Chiapas,Ago,25.3,01/08/2022,2022.pdf
Chihuahua,Ago,24.2,01/08/2022,2022.pdf
Ciudad de México,Ago,19.1,01/08/2022,2022.pdf
Durango,Ago,22.3,01/08/2022,2022.pdf
Guanajuato,Ago,20.8,01/08/2022,2022.pdf
Guerrero,Ago,26.1,01/08/2022,2022.pdf
Hidalgo,Ago,21.3,01/08/2022,2022.pdf
Jalisco,Ago,23.1,01/08/2022,2022.pdf
Estado de México,Ago,16.1,01/08/2022,2022.pdf
Michoacán,Ago,21.4,01/08/2022,2022.pdf
Morelos,Ago,22.8,01/08/2022,2022.pdf
Nayarit,Ago,27.8,01/08/2022,2022.pdf
Nuevo León,Ago,28.7,01/08/2022,2022.pdf
Oaxaca,Ago,24.4,01/08/2022,2022.pdf
Puebla,Ago,19.9,01/08/2022,2022.pdf
Querétaro,Ago,22.3,01/08/2022,2022.pdf
Quintana Roo,Ago,28.7,01/08/2022,2022.pdf
San Luis Potosí,Ago,27.1,01/08/2022,2022.pdf
Sinaloa,Ago,29.1,01/08/2022,2022.pdf
Sonora,Ago,29.4,01/08/2022,2022.pdf
Tabasco,Ago,29.2,01/08/2022,2022.pdf
Tamaulipas,Ago,30.6,01/08/2022,2022.pdf
Tlaxcala,Ago,16.6,01/08/2022,2022.pdf
Veracruz,Ago,25.3,01/08/2022,2022.pdf
Yucatán,Ago,28.4,01/08/2022,2022.pdf
Zacatecas,Ago,20.9,01/08/2022,2022.pdf
Nacional,Ago,25.9,01/08/2022,2022.pdf
Aguascalientes,Sep,18.3,01/09/2022,2022.pdf
Baja California,Sep,26.8,01/09/2022,2022.pdf
Baja California Sur,Sep,28,01/09/2022,2022.pdf
Campeche,Sep,27.9,01/09/2022,2022.pdf
Coahuila,Sep,25,01/09/2022,2022.pdf
Colima,Sep,27.7,01/09/2022,2022.pdf
Chiapas,Sep,24.8,01/09/2022,2022.pdf
Chihuahua,Sep,22.3,01/09/2022,2022.pdf
Ciudad de México,Sep,18.2,01/09/2022,2022.pdf
Durango,Sep,20.1,01/09/2022,2022.pdf
Guanajuato,Sep,19.4,01/09/2022,2022.pdf
Guerrero,Sep,25.5,01/09/2022,2022.pdf
Hidalgo,Sep,19.8,01/09/2022,2022.pdf
Jalisco,Sep,22.9,01/09/2022,2022.pdf
Estado de México,Sep,15.9,01/09/2022,2022.pdf
Michoacán,Sep,21.1,01/09/2022,2022.pdf
Morelos,Sep,22.1,01/09/2022,2022.pdf
Nayarit,Sep,28.1,01/09/2022,2022.pdf
Nuevo León,Sep,25.1,01/09/2022,2022.pdf
Oaxaca,Sep,23.6,01/09/2022,2022.pdf
Puebla,Sep,19,01/09/2022,2022.pdf
Querétaro,Sep,20.1,01/09/2022,2022.pdf
Quintana Roo,Sep,28.4,01/09/2022,2022.pdf
San Luis Potosí,Sep,24.2,01/09/2022,2022.pdf
Sinaloa,Sep,29.2,01/09/2022,2022.pdf
Sonora,Sep,28.8,01/09/2022,2022.pdf
Tabasco,Sep,27.8,01/09/2022,2022.pdf
Tamaulipas,Sep,27.6,01/09/2022,2022.pdf
Tlaxcala,Sep,16.1,01/09/2022,2022.pdf
Veracruz,Sep,23.9,01/09/2022,2022.pdf
Yucatán,Sep,27.9,01/09/2022,2022.pdf
Zacatecas,Sep,19.2,01/09/2022,2022.pdf
Nacional,Sep,24.5,01/09/2022,2022.pdf
Aguascalientes,Oct,17.2,01/10/2022,2022.pdf
Baja California,Oct,22.8,01/10/2022,2022.pdf
Baja California Sur,Oct,25.2,01/10/2022,2022.pdf
Campeche,Oct,27.1,01/10/2022,2022.pdf
Coahuila,Oct,21.2,01/10/2022,2022.pdf
Colima,Oct,27.6,01/10/2022,2022.pdf
Chiapas,Oct,24.3,01/10/2022,2022.pdf
Chihuahua,Oct,18.1,01/10/2022,2022.pdf
Ciudad de México,Oct,18.2,01/10/2022,2022.pdf
Durango,Oct,17.7,01/10/2022,2022.pdf
Guanajuato,Oct,18.8,01/10/2022,2022.pdf
Guerrero,Oct,25.7,01/10/2022,2022.pdf
Hidalgo,Oct,18.9,01/10/2022,2022.pdf
Jalisco,Oct,21.9,01/10/2022,2022.pdf
Estado de México,Oct,15.4,01/10/2022,2022.pdf
Michoacán,Oct,20.7,01/10/2022,2022.pdf
Morelos,Oct,22.4,01/10/2022,2022.pdf
Nayarit,Oct,27,01/10/2022,2022.pdf
Nuevo León,Oct,21.6,01/10/2022,2022.pdf
Oaxaca,Oct,23.3,01/10/2022,2022.pdf
Puebla,Oct,18.6,01/10/2022,2022.pdf
Querétaro,Oct,19.7,01/10/2022,2022.pdf
Quintana Roo,Oct,27.5,01/10/2022,2022.pdf
San Luis Potosí,Oct,22.2,01/10/2022,2022.pdf
Sinaloa,Oct,27.4,01/10/2022,2022.pdf
Sonora,Oct,23.9,01/10/2022,2022.pdf
Tabasco,Oct,27.5,01/10/2022,2022.pdf
Tamaulipas,Oct,24.5,01/10/2022,2022.pdf
Tlaxcala,Oct,16.1,01/10/2022,2022.pdf
Veracruz,Oct,22.8,01/10/2022,2022.pdf
Yucatán,Oct,26.6,01/10/2022,2022.pdf
Zacatecas,Oct,17.7,01/10/2022,2022.pdf
Nacional,Oct,22.1,01/10/2022,2022.pdf
Aguascalientes,Nov,15.9,01/11/2022,2022.pdf
Baja California,Nov,15.2,01/11/2022,2022.pdf
Baja California Sur,Nov,21,01/11/2022,2022.pdf
Campeche,Nov,26.7,01/11/2022,2022.pdf
Coahuila,Nov,17,01/11/2022,2022.pdf
Colima,Nov,27,01/11/2022,2022.pdf
Chiapas,Nov,23.9,01/11/2022,2022.pdf
Chihuahua,Nov,13.2,01/11/2022,2022.pdf
Ciudad de México,Nov,17.4,01/11/2022,2022.pdf
Durango,Nov,14.7,01/11/2022,2022.pdf
Guanajuato,Nov,17.9,01/11/2022,2022.pdf
Guerrero,Nov,25.5,01/11/2022,2022.pdf
Hidalgo,Nov,18.1,01/11/2022,2022.pdf
Jalisco,Nov,20.3,01/11/2022,2022.pdf
Estado de México,Nov,14.7,01/11/2022,2022.pdf
Michoacán,Nov,20.4,01/11/2022,2022.pdf
Morelos,Nov,22,01/11/2022,2022.pdf
Nayarit,Nov,24.1,01/11/2022,2022.pdf
Nuevo León,Nov,18.4,01/11/2022,2022.pdf
Oaxaca,Nov,23,01/11/2022,2022.pdf
Puebla,Nov,18,01/11/2022,2022.pdf
Querétaro,Nov,18.9,01/11/2022,2022.pdf
Quintana Roo,Nov,26.9,01/11/2022,2022.pdf
San Luis Potosí,Nov,20.7,01/11/2022,2022.pdf
Sinaloa,Nov,22.5,01/11/2022,2022.pdf
Sonora,Nov,16.6,01/11/2022,2022.pdf
Tabasco,Nov,27,01/11/2022,2022.pdf
Tamaulipas,Nov,21.6,01/11/2022,2022.pdf
Tlaxcala,Nov,15.4,01/11/2022,2022.pdf
Veracruz,Nov,21.8,01/11/2022,2022.pdf
Yucatán,Nov,26.3,01/11/2022,2022.pdf
Zacatecas,Nov,16.3,01/11/2022,2022.pdf
Nacional,Nov,19.1,01/11/2022,2022.pdf
Aguascalientes,Dic,13.8,01/12/2022,2022.pdf
Baja California,Dic,13.3,01/12/2022,2022.pdf
Baja California Sur,Dic,19.1,01/12/2022,2022.pdf
Campeche,Dic,25.1,01/12/2022,2022.pdf
Coahuila,Dic,14.9,01/12/2022,2022.pdf
Colima,Dic,25.8,01/12/2022,2022.pdf
Chiapas,Dic,22.2,01/12/2022,2022.pdf
Chihuahua,Dic,12,01/12/2022,2022.pdf
Ciudad de México,Dic,15.2,01/12/2022,2022.pdf
Durango,Dic,13.9,01/12/2022,2022.pdf
Guanajuato,Dic,15.5,01/12/2022,2022.pdf
Guerrero,Dic,23.9,01/12/2022,2022.pdf
Hidalgo,Dic,15.3,01/12/2022,2022.pdf
Jalisco,Dic,18,01/12/2022,2022.pdf
Estado de México,Dic,13.1,01/12/2022,2022.pdf
Michoacán,Dic,17.5,01/12/2022,2022.pdf
Morelos,Dic,19.5,01/12/2022,2022.pdf
Nayarit,Dic,21.8,01/12/2022,2022.pdf
Nuevo León,Dic,16,01/12/2022,2022.pdf
Oaxaca,Dic,20.4,01/12/2022,2022.pdf
Puebla,Dic,15.6,01/12/2022,2022.pdf
Querétaro,Dic,15.7,01/12/2022,2022.pdf
Quintana Roo,Dic,25.2,01/12/2022,2022.pdf
San Luis Potosí,Dic,18.3,01/12/2022,2022.pdf
Sinaloa,Dic,20.6,01/12/2022,2022.pdf
Sonora,Dic,15.2,01/12/2022,2022.pdf
Tabasco,Dic,25.7,01/12/2022,2022.pdf
Tamaulipas,Dic,19.3,01/12/2022,2022.pdf
Tlaxcala,Dic,12.4,01/12/2022,2022.pdf
Veracruz,Dic,19.8,01/12/2022,2022.pdf
Yucatán,Dic,24.8,01/12/2022,2022.pdf
Zacatecas,Dic,14.1,01/12/2022,2022.pdf
Nacional,Dic,17.3,01/12/2022,2022.pdf
Aguascalientes,Ene,13.3,01/01/2023,2023.pdf
Baja California,Ene,12.8,01/01/2023,2023.pdf
Baja California Sur,Ene,17.9,01/01/2023,2023.pdf
Campeche,Ene,25.3,01/01/2023,2023.pdf
Coahuila,Ene,16,01/01/2023,2023.pdf
Colima,Ene,24.8,01/01/2023,2023.pdf
Chiapas,Ene,22.7,01/01/2023,2023.pdf
Chihuahua,Ene,11.3,01/01/2023,2023.pdf
Ciudad de México,Ene,15.4,01/01/2023,2023.pdf
Durango,Ene,13,01/01/2023,2023.pdf
Guanajuato,Ene,15.5,01/01/2023,2023.pdf
Guerrero,Ene,23.9,01/01/2023,2023.pdf
Hidalgo,Ene,16,01/01/2023,2023.pdf
Jalisco,Ene,17.4,01/01/2023,2023.pdf
Estado de México,Ene,12.2,01/01/2023,2023.pdf
Michoacán,Ene,17.5,01/01/2023,2023.pdf
Morelos,Ene,19.7,01/01/2023,2023.pdf
Nayarit,Ene,20.8,01/01/2023,2023.pdf
Nuevo León,Ene,17.6,01/01/2023,2023.pdf
Oaxaca,Ene,21.2,01/01/2023,2023.pdf
Puebla,Ene,16.1,01/01/2023,2023.pdf
Querétaro,Ene,16.3,01/01/2023,2023.pdf
Quintana Roo,Ene,25.2,01/01/2023,2023.pdf
San Luis Potosí,Ene,19.1,01/01/2023,2023.pdf
Sinaloa,Ene,19.8,01/01/2023,2023.pdf
Sonora,Ene,13.7,01/01/2023,2023.pdf
Tabasco,Ene,25.4,01/01/2023,2023.pdf
Tamaulipas,Ene,20.7,01/01/2023,2023.pdf
Tlaxcala,Ene,12.6,01/01/2023,2023.pdf
Veracruz,Ene,20.2,01/01/2023,2023.pdf
Yucatán,Ene,24.6,01/01/2023,2023.pdf
Zacatecas,Ene,13.6,01/01/2023,2023.pdf
Nacional,Ene,17.1,01/01/2023,2023.pdf
Aguascalientes,Feb,15.8,01/02/2023,2023.pdf
Baja California,Feb,12.4,01/02/2023,2023.pdf
Baja California Sur,Feb,17.7,01/02/2023,2023.pdf
Campeche,Feb,26,01/02/2023,2023.pdf
Coahuila,Feb,16.8,01/02/2023,2023.pdf
Colima,Feb,25.5,01/02/2023,2023.pdf
Chiapas,Feb,23.1,01/02/2023,2023.pdf
Chihuahua,Feb,12.3,01/02/2023,2023.pdf
Ciudad de México,Feb,16.5,01/02/2023,2023.pdf
Durango,Feb,14.5,01/02/2023,2023.pdf
Guanajuato,Feb,17.2,01/02/2023,2023.pdf
Guerrero,Feb,25.1,01/02/2023,2023.pdf
Hidalgo,Feb,17,01/02/2023,2023.pdf
Jalisco,Feb,19.4,01/02/2023,2023.pdf
Estado de México,Feb,13.4,01/02/2023,2023.pdf
Michoacán,Feb,19.1,01/02/2023,2023.pdf
Morelos,Feb,21.5,01/02/2023,2023.pdf
Nayarit,Feb,22.2,01/02/2023,2023.pdf
Nuevo León,Feb,18.4,01/02/2023,2023.pdf
Oaxaca,Feb,22.9,01/02/2023,2023.pdf
Puebla,Feb,17,01/02/2023,2023.pdf
Querétaro,Feb,17.6,01/02/2023,2023.pdf
Quintana Roo,Feb,25.7,01/02/2023,2023.pdf
San Luis Potosí,Feb,19.9,01/02/2023,2023.pdf
Sinaloa,Feb,19.9,01/02/2023,2023.pdf
Sonora,Feb,14.2,01/02/2023,2023.pdf
Tabasco,Feb,25.7,01/02/2023,2023.pdf
Tamaulipas,Feb,20.6,01/02/2023,2023.pdf
Tlaxcala,Feb,14.2,01/02/2023,2023.pdf
Veracruz,Feb,20.3,01/02/2023,2023.pdf
Yucatán,Feb,25.4,01/02/2023,2023.pdf
Zacatecas,Feb,15.7,01/02/2023,2023.pdf
Nacional,Feb,18,01/02/2023,2023.pdf
Aguascalientes,Mar,17.8,01/03/2023,2023.pdf
Baja California,Mar,14.4,01/03/2023,2023.pdf
Baja California Sur,Mar,20.2,01/03/2023,2023.pdf
Campeche,Mar,28.1,01/03/2023,2023.pdf
Coahuila,Mar,21.2,01/03/2023,2023.pdf
Colima,Mar,25.2,01/03/2023,2023.pdf
Chiapas,Mar,25.2,01/03/2023,2023.pdf
Chihuahua,Mar,16,01/03/2023,2023.pdf
Ciudad de México,Mar,18.8,01/03/2023,2023.pdf
Durango,Mar,18.1,01/03/2023,2023.pdf
Guanajuato,Mar,20.1,01/03/2023,2023.pdf
Guerrero,Mar,25.9,01/03/2023,2023.pdf
Hidalgo,Mar,20,01/03/2023,2023.pdf
Jalisco,Mar,21.1,01/03/2023,2023.pdf
Estado de México,Mar,15.7,01/03/2023,2023.pdf
Michoacán,Mar,21,01/03/2023,2023.pdf
Morelos,Mar,23.5,01/03/2023,2023.pdf
Nayarit,Mar,22.3,01/03/2023,2023.pdf
Nuevo León,Mar,22.3,01/03/2023,2023.pdf
Oaxaca,Mar,24.8,01/03/2023,2023.pdf
Puebla,Mar,19.6,01/03/2023,2023.pdf
Querétaro,Mar,21.3,01/03/2023,2023.pdf
Quintana Roo,Mar,26.9,01/03/2023,2023.pdf
San Luis Potosí,Mar,23.7,01/03/2023,2023.pdf
Sinaloa,Mar,21.8,01/03/2023,2023.pdf
Sonora,Mar,17.5,01/03/2023,2023.pdf
Tabasco,Mar,28.3,01/03/2023,2023.pdf
Tamaulipas,Mar,24.7,01/03/2023,2023.pdf
Tlaxcala,Mar,16.3,01/03/2023,2023.pdf
Veracruz,Mar,23.6,01/03/2023,2023.pdf
Yucatán,Mar,27.4,01/03/2023,2023.pdf
Zacatecas,Mar,18.2,01/03/2023,2023.pdf
Nacional,Mar,20.9,01/03/2023,2023.pdf
Aguascalientes,Abr,19.5,01/04/2023,2023.pdf
Baja California,Abr,16.9,01/04/2023,2023.pdf
Baja California Sur,Abr,21.9,01/04/2023,2023.pdf
Campeche,Abr,29.6,01/04/2023,2023.pdf
Coahuila,Abr,23.1,01/04/2023,2023.pdf
Colima,Abr,25,01/04/2023,2023.pdf
Chiapas,Abr,25.4,01/04/2023,2023.pdf
Chihuahua,Abr,18.5,01/04/2023,2023.pdf
Ciudad de México,Abr,19.7,01/04/2023,2023.pdf
Durango,Abr,20.4,01/04/2023,2023.pdf
Guanajuato,Abr,21.6,01/04/2023,2023.pdf
Guerrero,Abr,26.8,01/04/2023,2023.pdf
Hidalgo,Abr,21.4,01/04/2023,2023.pdf
Jalisco,Abr,21.9,01/04/2023,2023.pdf
Estado de México,Abr,16.5,01/04/2023,2023.pdf
Michoacán,Abr,22.3,01/04/2023,2023.pdf
Morelos,Abr,25,01/04/2023,2023.pdf
Nayarit,Abr,23.8,01/04/2023,2023.pdf
Nuevo León,Abr,23.6,01/04/2023,2023.pdf
Oaxaca,Abr,26.6,01/04/2023,2023.pdf
Puebla,Abr,20.7,01/04/2023,2023.pdf
Querétaro,Abr,22.8,01/04/2023,2023.pdf
Quintana Roo,Abr,27.6,01/04/2023,2023.pdf
San Luis Potosí,Abr,24.6,01/04/2023,2023.pdf
Sinaloa,Abr,24.1,01/04/2023,2023.pdf
Sonora,Abr,20.5,01/04/2023,2023.pdf
Tabasco,Abr,28.8,01/04/2023,2023.pdf
Tamaulipas,Abr,24.7,01/04/2023,2023.pdf
Tlaxcala,Abr,16.6,01/04/2023,2023.pdf
Veracruz,Abr,24.9,01/04/2023,2023.pdf
Yucatán,Abr,28.8,01/04/2023,2023.pdf
Zacatecas,Abr,19.7,01/04/2023,2023.pdf
Nacional,Abr,22.5,01/04/2023,2023.pdf
Aguascalientes,May,21.4,01/05/2023,2023.pdf
Baja California,May,19.6,01/05/2023,2023.pdf
Baja California Sur,May,23.1,01/05/2023,2023.pdf
Campeche,May,30.3,01/05/2023,2023.pdf
Coahuila,May,26.3,01/05/2023,2023.pdf
Colima,May,28.2,01/05/2023,2023.pdf
Chiapas,May,26.1,01/05/2023,2023.pdf
Chihuahua,May,22.1,01/05/2023,2023.pdf
Ciudad de México,May,19.9,01/05/2023,2023.pdf
Durango,May,21.6,01/05/2023,2023.pdf
Guanajuato,May,22.6,01/05/2023,2023.pdf
Guerrero,May,28,01/05/2023,2023.pdf
Hidalgo,May,21.6,01/05/2023,2023.pdf
Jalisco,May,24.4,01/05/2023,2023.pdf
Estado de México,May,17.6,01/05/2023,2023.pdf
Michoacán,May,24.2,01/05/2023,2023.pdf
Morelos,May,25.8,01/05/2023,2023.pdf
Nayarit,May,27.1,01/05/2023,2023.pdf
Nuevo León,May,25.1,01/05/2023,2023.pdf
Oaxaca,May,26.9,01/05/2023,2023.pdf
Puebla,May,21.2,01/05/2023,2023.pdf
Querétaro,May,23.8,01/05/2023,2023.pdf
Quintana Roo,May,28.9,01/05/2023,2023.pdf
San Luis Potosí,May,25.9,01/05/2023,2023.pdf
Sinaloa,May,26.9,01/05/2023,2023.pdf
Sonora,May,23.5,01/05/2023,2023.pdf
Tabasco,May,30.1,01/05/2023,2023.pdf
Tamaulipas,May,27.4,01/05/2023,2023.pdf
Tlaxcala,May,17.8,01/05/2023,2023.pdf
Veracruz,May,26.2,01/05/2023,2023.pdf
Yucatán,May,29.7,01/05/2023,2023.pdf
Zacatecas,May,21.4,01/05/2023,2023.pdf
Nacional,May,24.6,01/05/2023,2023.pdf
Aguascalientes,Jun,24.3,01/06/2023,2023.pdf
Baja California,Jun,21.8,01/06/2023,2023.pdf
Baja California Sur,Jun,26.1,01/06/2023,2023.pdf
Campeche,Jun,31.3,01/06/2023,2023.pdf
Coahuila,Jun,30.4,01/06/2023,2023.pdf
Colima,Jun,29,01/06/2023,2023.pdf
Chiapas,Jun,28.2,01/06/2023,2023.pdf
Chihuahua,Jun,26.5,01/06/2023,2023.pdf
Ciudad de México,Jun,22.2,01/06/2023,2023.pdf
Durango,Jun,25.4,01/06/2023,2023.pdf
Guanajuato,Jun,24.9,01/06/2023,2023.pdf
Guerrero,Jun,28.4,01/06/2023,2023.pdf
Hidalgo,Jun,24,01/06/2023,2023.pdf
Jalisco,Jun,26.5,01/06/2023,2023.pdf
Estado de México,Jun,18.4,01/06/2023,2023.pdf
Michoacán,Jun,25.4,01/06/2023,2023.pdf
Morelos,Jun,26.7,01/06/2023,2023.pdf
Nayarit,Jun,29.7,01/06/2023,2023.pdf
Nuevo León,Jun,29.7,01/06/2023,2023.pdf
Oaxaca,Jun,26.5,01/06/2023,2023.pdf
Puebla,Jun,22.1,01/06/2023,2023.pdf
Querétaro,Jun,25.4,01/06/2023,2023.pdf
Quintana Roo,Jun,29.7,01/06/2023,2023.pdf
San Luis Potosí,Jun,29,01/06/2023,2023.pdf
Sinaloa,Jun,30.1,01/06/2023,2023.pdf
Sonora,Jun,28.1,01/06/2023,2023.pdf
Tabasco,Jun,31.3,01/06/2023,2023.pdf
Tamaulipas,Jun,30.9,01/06/2023,2023.pdf
Tlaxcala,Jun,18.7,01/06/2023,2023.pdf
Veracruz,Jun,27.5,01/06/2023,2023.pdf
Yucatán,Jun,30.6,01/06/2023,2023.pdf
Zacatecas,Jun,25,01/06/2023,2023.pdf
Nacional,Jun,27.4,01/06/2023,2023.pdf
Aguascalientes,Jul,22.4,01/07/2023,2023.pdf
Baja California,Jul,27.1,01/07/2023,2023.pdf
Baja California Sur,Jul,29.6,01/07/2023,2023.pdf
Campeche,Jul,30.4,01/07/2023,2023.pdf
Coahuila,Jul,29.7,01/07/2023,2023.pdf
Colima,Jul,29.1,01/07/2023,2023.pdf
Chiapas,Jul,26.8,01/07/2023,2023.pdf
Chihuahua,Jul,27.7,01/07/2023,2023.pdf
Ciudad de México,Jul,19.5,01/07/2023,2023.pdf
Durango,Jul,24.5,01/07/2023,2023.pdf
Guanajuato,Jul,22.3,01/07/2023,2023.pdf
Guerrero,Jul,27,01/07/2023,2023.pdf
Hidalgo,Jul,22.3,01/07/2023,2023.pdf
Jalisco,Jul,24.3,01/07/2023,2023.pdf
Estado de México,Jul,16.9,01/07/2023,2023.pdf
Michoacán,Jul,22.9,01/07/2023,2023.pdf
Morelos,Jul,24.1,01/07/2023,2023.pdf
Nayarit,Jul,29.3,01/07/2023,2023.pdf
Nuevo León,Jul,30.1,01/07/2023,2023.pdf
Oaxaca,Jul,25.6,01/07/2023,2023.pdf
Puebla,Jul,20.3,01/07/2023,2023.pdf
Querétaro,Jul,23.5,01/07/2023,2023.pdf
Quintana Roo,Jul,30,01/07/2023,2023.pdf
San Luis Potosí,Jul,27.9,01/07/2023,2023.pdf
Sinaloa,Jul,31.5,01/07/2023,2023.pdf
Sonora,Jul,32.8,01/07/2023,2023.pdf
Tabasco,Jul,29.5,01/07/2023,2023.pdf
Tamaulipas,Jul,31.3,01/07/2023,2023.pdf
Tlaxcala,Jul,17.5,01/07/2023,2023.pdf
Veracruz,Jul,25.9,01/07/2023,2023.pdf
Yucatán,Jul,30.4,01/07/2023,2023.pdf
Zacatecas,Jul,23.1,01/07/2023,2023.pdf
Nacional,Jul,27.6,01/07/2023,2023.pdf
Aguascalientes,Ago,21.3,01/08/2023,2023.pdf
Baja California,Ago,26.9,01/08/2023,2023.pdf
Baja California Sur,Ago,29.9,01/08/2023,2023.pdf
Campeche,Ago,29.7,01/08/2023,2023.pdf
Coahuila,Ago,30.5,01/08/2023,2023.pdf
Colima,Ago,28.9,01/08/2023,2023.pdf
Chiapas,Ago,27,01/08/2023,2023.pdf
Chihuahua,Ago,26.6,01/08/2023,2023.pdf
Ciudad de México,Ago,19.3,01/08/2023,2023.pdf
Durango,Ago,24.3,01/08/2023,2023.pdf
Guanajuato,Ago,21.4,01/08/2023,2023.pdf
Guerrero,Ago,26.4,01/08/2023,2023.pdf
Hidalgo,Ago,22.2,01/08/2023,2023.pdf
Jalisco,Ago,23.5,01/08/2023,2023.pdf
Estado de México,Ago,16.5,01/08/2023,2023.pdf
Michoacán,Ago,22.3,01/08/2023,2023.pdf
Morelos,Ago,23.8,01/08/2023,2023.pdf
Nayarit,Ago,28.7,01/08/2023,2023.pdf
Nuevo León,Ago,30.1,01/08/2023,2023.pdf
Oaxaca,Ago,25.5,01/08/2023,2023.pdf
Puebla,Ago,20.1,01/08/2023,2023.pdf
Querétaro,Ago,22.1,01/08/2023,2023.pdf
Quintana Roo,Ago,29.8,01/08/2023,2023.pdf
San Luis Potosí,Ago,27.8,01/08/2023,2023.pdf
Sinaloa,Ago,30.9,01/08/2023,2023.pdf
Sonora,Ago,31.7,01/08/2023,2023.pdf
Tabasco,Ago,29.3,01/08/2023,2023.pdf
Tamaulipas,Ago,31.1,01/08/2023,2023.pdf
Tlaxcala,Ago,17.2,01/08/2023,2023.pdf
Veracruz,Ago,25.7,01/08/2023,2023.pdf
Yucatán,Ago,29.8,01/08/2023,2023.pdf
Zacatecas,Ago,22.4,01/08/2023,2023.pdf
Nacional,Ago,27.2,01/08/2023,2023.pdf
Aguascalientes,Sep,21.1,01/09/2023,2023.pdf
Baja California,Sep,24.3,01/09/2023,2023.pdf
Baja California Sur,Sep,29.2,01/09/2023,2023.pdf
Campeche,Sep,29.3,01/09/2023,2023.pdf
Coahuila,Sep,29.3,01/09/2023,2023.pdf
Colima,Sep,29.3,01/09/2023,2023.pdf
Chiapas,Sep,26.5,01/09/2023,2023.pdf
Chihuahua,Sep,25.1,01/09/2023,2023.pdf
Ciudad de México,Sep,19.5,01/09/2023,2023.pdf
Durango,Sep,23.9,01/09/2023,2023.pdf
Guanajuato,Sep,21.7,01/09/2023,2023.pdf
Guerrero,Sep,26.5,01/09/2023,2023.pdf
Hidalgo,Sep,22.5,01/09/2023,2023.pdf
Jalisco,Sep,23.7,01/09/2023,2023.pdf
Estado de México,Sep,16.6,01/09/2023,2023.pdf
Michoacán,Sep,21.9,01/09/2023,2023.pdf
Morelos,Sep,23.7,01/09/2023,2023.pdf
Nayarit,Sep,28.9,01/09/2023,2023.pdf
Nuevo León,Sep,29.2,01/09/2023,2023.pdf
Oaxaca,Sep,26.3,01/09/2023,2023.pdf
Puebla,Sep,20.1,01/09/2023,2023.pdf
Querétaro,Sep,22.5,01/09/2023,2023.pdf
Quintana Roo,Sep,29.4,01/09/2023,2023.pdf
San Luis Potosí,Sep,28.2,01/09/2023,2023.pdf
Sinaloa,Sep,31.8,01/09/2023,2023.pdf
Sonora,Sep,30.2,01/09/2023,2023.pdf
Tabasco,Sep,29.3,01/09/2023,2023.pdf
Tamaulipas,Sep,31,01/09/2023,2023.pdf
Tlaxcala,Sep,17.3,01/09/2023,2023.pdf
Veracruz,Sep,25.6,01/09/2023,2023.pdf
Yucatán,Sep,29.4,01/09/2023,2023.pdf
Zacatecas,Sep,22.2,01/09/2023,2023.pdf
Nacional,Sep,26.4,01/09/2023,2023.pdf
Aguascalientes,Oct,18.3,01/10/2023,2023.pdf
Baja California,Oct,22,01/10/2023,2023.pdf
Baja California Sur,Oct,26.3,01/10/2023,2023.pdf
Campeche,Oct,28.6,01/10/2023,2023.pdf
Coahuila,Oct,23.2,01/10/2023,2023.pdf
Colima,Oct,27.9,01/10/2023,2023.pdf
Chiapas,Oct,26.1,01/10/2023,2023.pdf
Chihuahua,Oct,20,01/10/2023,2023.pdf
Ciudad de México,Oct,18.5,01/10/2023,2023.pdf
Durango,Oct,19.5,01/10/2023,2023.pdf
Guanajuato,Oct,20,01/10/2023,2023.pdf
Guerrero,Oct,25.7,01/10/2023,2023.pdf
Hidalgo,Oct,20.6,01/10/2023,2023.pdf
Jalisco,Oct,21.8,01/10/2023,2023.pdf
Estado de México,Oct,15.8,01/10/2023,2023.pdf
Michoacán,Oct,20.9,01/10/2023,2023.pdf
Morelos,Oct,23.1,01/10/2023,2023.pdf
Nayarit,Oct,27.1,01/10/2023,2023.pdf
Nuevo León,Oct,24.1,01/10/2023,2023.pdf
Oaxaca,Oct,25.2,01/10/2023,2023.pdf
Puebla,Oct,19.4,01/10/2023,2023.pdf
Querétaro,Oct,20.2,01/10/2023,2023.pdf
Quintana Roo,Oct,28.7,01/10/2023,2023.pdf
San Luis Potosí,Oct,24,01/10/2023,2023.pdf
Sinaloa,Oct,28.3,01/10/2023,2023.pdf
Sonora,Oct,26.3,01/10/2023,2023.pdf
Tabasco,Oct,28.6,01/10/2023,2023.pdf
Tamaulipas,Oct,26.4,01/10/2023,2023.pdf
Tlaxcala,Oct,16.7,01/10/2023,2023.pdf
Veracruz,Oct,23.8,01/10/2023,2023.pdf
Yucatán,Oct,28.4,01/10/2023,2023.pdf
Zacatecas,Oct,19.3,01/10/2023,2023.pdf
Nacional,Oct,23.6,01/10/2023,2023.pdf
Aguascalientes,Nov,16.2,01/11/2023,2023.pdf
Baja California,Nov,17.4,01/11/2023,2023.pdf
Baja California Sur,Nov,23.2,01/11/2023,2023.pdf
Campeche,Nov,26.5,01/11/2023,2023.pdf
Coahuila,Nov,16.9,01/11/2023,2023.pdf
Colima,Nov,28,01/11/2023,2023.pdf
Chiapas,Nov,24.9,01/11/2023,2023.pdf
Chihuahua,Nov,14.3,01/11/2023,2023.pdf
Ciudad de México,Nov,17.3,01/11/2023,2023.pdf
Durango,Nov,15.9,01/11/2023,2023.pdf
Guanajuato,Nov,17.8,01/11/2023,2023.pdf
Guerrero,Nov,25.7,01/11/2023,2023.pdf
Hidalgo,Nov,17.4,01/11/2023,2023.pdf
Jalisco,Nov,20.5,01/11/2023,2023.pdf
Estado de México,Nov,14.5,01/11/2023,2023.pdf
Michoacán,Nov,20.1,01/11/2023,2023.pdf
Morelos,Nov,22.1,01/11/2023,2023.pdf
Nayarit,Nov,26.2,01/11/2023,2023.pdf
Nuevo León,Nov,18.1,01/11/2023,2023.pdf
Oaxaca,Nov,22.9,01/11/2023,2023.pdf
Puebla,Nov,17.7,01/11/2023,2023.pdf
Querétaro,Nov,18.2,01/11/2023,2023.pdf
Quintana Roo,Nov,26.8,01/11/2023,2023.pdf
San Luis Potosí,Nov,20.3,01/11/2023,2023.pdf
Sinaloa,Nov,25.3,01/11/2023,2023.pdf
Sonora,Nov,20.9,01/11/2023,2023.pdf
Tabasco,Nov,25.8,01/11/2023,2023.pdf
Tamaulipas,Nov,20.6,01/11/2023,2023.pdf
Tlaxcala,Nov,15.3,01/11/2023,2023.pdf
Veracruz,Nov,20.6,01/11/2023,2023.pdf
Yucatán,Nov,26.3,01/11/2023,2023.pdf
Zacatecas,Nov,16.4,01/11/2023,2023.pdf
Nacional,Nov,19.9,01/11/2023,2023.pdf
Aguascalientes,Dic,12.5,01/12/2023,2023.pdf
Baja California,Dic,14.8,01/12/2023,2023.pdf
Baja California Sur,Dic,19.9,01/12/2023,2023.pdf
Campeche,Dic,24.7,01/12/2023,2023.pdf
Coahuila,Dic,14.6,01/12/2023,2023.pdf
Colima,Dic,25.7,01/12/2023,2023.pdf
Chiapas,Dic,23.2,01/12/2023,2023.pdf
Chihuahua,Dic,10.5,01/12/2023,2023.pdf
Ciudad de México,Dic,14.9,01/12/2023,2023.pdf
Durango,Dic,12.8,01/12/2023,2023.pdf
Guanajuato,Dic,14.4,01/12/2023,2023.pdf
Guerrero,Dic,23.9,01/12/2023,2023.pdf
Hidalgo,Dic,14.7,01/12/2023,2023.pdf
Jalisco,Dic,17.1,01/12/2023,2023.pdf
Estado de México,Dic,12.1,01/12/2023,2023.pdf
Michoacán,Dic,17.6,01/12/2023,2023.pdf
Morelos,Dic,19.8,01/12/2023,2023.pdf
Nayarit,Dic,22.4,01/12/2023,2023.pdf
Nuevo León,Dic,15.6,01/12/2023,2023.pdf
Oaxaca,Dic,20.3,01/12/2023,2023.pdf
Puebla,Dic,15.4,01/12/2023,2023.pdf
Querétaro,Dic,14,01/12/2023,2023.pdf
Quintana Roo,Dic,24.9,01/12/2023,2023.pdf
San Luis Potosí,Dic,17.4,01/12/2023,2023.pdf
Sinaloa,Dic,22.2,01/12/2023,2023.pdf
Sonora,Dic,16.4,01/12/2023,2023.pdf
Tabasco,Dic,24.7,01/12/2023,2023.pdf
Tamaulipas,Dic,18.5,01/12/2023,2023.pdf
Tlaxcala,Dic,12.6,01/12/2023,2023.pdf
Veracruz,Dic,19.2,01/12/2023,2023.pdf
Yucatán,Dic,24,01/12/2023,2023.pdf
Zacatecas,Dic,12.6,01/12/2023,2023.pdf
Nacional,Dic,17,01/12/2023,2023.pdf
Aguascalientes,Ene,13.7,01/01/2024,2024.pdf
Baja California,Ene,12.8,01/01/2024,2024.pdf
Baja California Sur,Ene,18,01/01/2024,2024.pdf
Campeche,Ene,25.5,01/01/2024,2024.pdf
Coahuila,Ene,12.8,01/01/2024,2024.pdf
Colima,Ene,25.3,01/01/2024,2024.pdf
Chiapas,Ene,24.4,01/01/2024,2024.pdf
Chihuahua,Ene,9.8,01/01/2024,2024.pdf
Ciudad de México,Ene,16.4,01/01/2024,2024.pdf
Durango,Ene,12.8,01/01/2024,2024.pdf
Guanajuato,Ene,15.7,01/01/2024,2024.pdf
Guerrero,Ene,24.2,01/01/2024,2024.pdf
Hidalgo,Ene,16.5,01/01/2024,2024.pdf
Jalisco,Ene,17.4,01/01/2024,2024.pdf
Estado de México,Ene,12.9,01/01/2024,2024.pdf
Michoacán,Ene,17.6,01/01/2024,2024.pdf
Morelos,Ene,20.4,01/01/2024,2024.pdf
Nayarit,Ene,20.4,01/01/2024,2024.pdf
Nuevo León,Ene,14.4,01/01/2024,2024.pdf
Oaxaca,Ene,22.2,01/01/2024,2024.pdf
Puebla,Ene,16.5,01/01/2024,2024.pdf
Querétaro,Ene,16.8,01/01/2024,2024.pdf
Quintana Roo,Ene,25.8,01/01/2024,2024.pdf
San Luis Potosí,Ene,18.2,01/01/2024,2024.pdf
Sinaloa,Ene,19.7,01/01/2024,2024.pdf
Sonora,Ene,14.4,01/01/2024,2024.pdf
Tabasco,Ene,25.3,01/01/2024,2024.pdf
Tamaulipas,Ene,17.2,01/01/2024,2024.pdf
Tlaxcala,Ene,13.3,01/01/2024,2024.pdf
Veracruz,Ene,19.6,01/01/2024,2024.pdf
Yucatán,Ene,24.7,01/01/2024,2024.pdf
Zacatecas,Ene,13.7,01/01/2024,2024.pdf
Nacional,Ene,16.6,01/01/2024,2024.pdf
Aguascalientes,Feb,14.5,01/02/2024,2024.pdf
Baja California,Feb,13.6,01/02/2024,2024.pdf
Baja California Sur,Feb,18.7,01/02/2024,2024.pdf
Campeche,Feb,24.3,01/02/2024,2024.pdf
Coahuila,Feb,17.6,01/02/2024,2024.pdf
Colima,Feb,25,01/02/2024,2024.pdf
Chiapas,Feb,23.9,01/02/2024,2024.pdf
Chihuahua,Feb,12.6,01/02/2024,2024.pdf
Ciudad de México,Feb,17.4,01/02/2024,2024.pdf
Durango,Feb,14.6,01/02/2024,2024.pdf
Guanajuato,Feb,17.4,01/02/2024,2024.pdf
Guerrero,Feb,24.9,01/02/2024,2024.pdf
Hidalgo,Feb,18,01/02/2024,2024.pdf
Jalisco,Feb,18.9,01/02/2024,2024.pdf
Estado de México,Feb,13.9,01/02/2024,2024.pdf
Michoacán,Feb,19.1,01/02/2024,2024.pdf
Morelos,Feb,22,01/02/2024,2024.pdf
Nayarit,Feb,21.9,01/02/2024,2024.pdf
Nuevo León,Feb,18.4,01/02/2024,2024.pdf
Oaxaca,Feb,22.6,01/02/2024,2024.pdf
Puebla,Feb,17.5,01/02/2024,2024.pdf
Querétaro,Feb,18.6,01/02/2024,2024.pdf
Quintana Roo,Feb,24.5,01/02/2024,2024.pdf
San Luis Potosí,Feb,20.6,01/02/2024,2024.pdf
Sinaloa,Feb,20.7,01/02/2024,2024.pdf
Sonora,Feb,16.3,01/02/2024,2024.pdf
Tabasco,Feb,24.6,01/02/2024,2024.pdf
Tamaulipas,Feb,20.9,01/02/2024,2024.pdf
Tlaxcala,Feb,14.3,01/02/2024,2024.pdf
Veracruz,Feb,20.2,01/02/2024,2024.pdf
Yucatán,Feb,23.3,01/02/2024,2024.pdf
Zacatecas,Feb,15.2,01/02/2024,2024.pdf
Nacional,Feb,18.3,01/02/2024,2024.pdf
Aguascalientes,Mar,17.8,01/03/2024,2024.pdf
Baja California,Mar,14.8,01/03/2024,2024.pdf
Baja California Sur,Mar,19.7,01/03/2024,2024.pdf
Campeche,Mar,29.2,01/03/2024,2024.pdf
Coahuila,Mar,20.5,01/03/2024,2024.pdf
Colima,Mar,24.6,01/03/2024,2024.pdf
Chiapas,Mar,27.2,01/03/2024,2024.pdf
Chihuahua,Mar,14.9,01/03/2024,2024.pdf
Ciudad de México,Mar,20.3,01/03/2024,2024.pdf
Durango,Mar,16.7,01/03/2024,2024.pdf
Guanajuato,Mar,19.9,01/03/2024,2024.pdf
Guerrero,Mar,26,01/03/2024,2024.pdf
Hidalgo,Mar,21.2,01/03/2024,2024.pdf
Jalisco,Mar,20.7,01/03/2024,2024.pdf
Estado de México,Mar,16.4,01/03/2024,2024.pdf
Michoacán,Mar,20.5,01/03/2024,2024.pdf
Morelos,Mar,24.3,01/03/2024,2024.pdf
Nayarit,Mar,22.1,01/03/2024,2024.pdf
Nuevo León,Mar,21.4,01/03/2024,2024.pdf
Oaxaca,Mar,25,01/03/2024,2024.pdf
Puebla,Mar,20.3,01/03/2024,2024.pdf
Querétaro,Mar,21.7,01/03/2024,2024.pdf
Quintana Roo,Mar,28.2,01/03/2024,2024.pdf
San Luis Potosí,Mar,24.9,01/03/2024,2024.pdf
Sinaloa,Mar,21.7,01/03/2024,2024.pdf
Sonora,Mar,17.4,01/03/2024,2024.pdf
Tabasco,Mar,29.1,01/03/2024,2024.pdf
Tamaulipas,Mar,24.4,01/03/2024,2024.pdf
Tlaxcala,Mar,17.2,01/03/2024,2024.pdf
Veracruz,Mar,24,01/03/2024,2024.pdf
Yucatán,Mar,28.7,01/03/2024,2024.pdf
Zacatecas,Mar,17.2,01/03/2024,2024.pdf
Nacional,Mar,20.7,01/03/2024,2024.pdf
Aguascalientes,Abr,20.4,01/04/2024,2024.pdf
Baja California,Abr,16.8,01/04/2024,2024.pdf
Baja California Sur,Abr,21.3,01/04/2024,2024.pdf
Campeche,Abr,30.6,01/04/2024,2024.pdf
Coahuila,Abr,24.7,01/04/2024,2024.pdf
Colima,Abr,25.7,01/04/2024,2024.pdf
Chiapas,Abr,28.3,01/04/2024,2024.pdf
Chihuahua,Abr,18.6,01/04/2024,2024.pdf
Ciudad de México,Abr,21,01/04/2024,2024.pdf
Durango,Abr,20.2,01/04/2024,2024.pdf
Guanajuato,Abr,22.3,01/04/2024,2024.pdf
Guerrero,Abr,27.6,01/04/2024,2024.pdf
Hidalgo,Abr,21.9,01/04/2024,2024.pdf
Jalisco,Abr,22.7,01/04/2024,2024.pdf
Estado de México,Abr,17.7,01/04/2024,2024.pdf
Michoacán,Abr,22.8,01/04/2024,2024.pdf
Morelos,Abr,26.1,01/04/2024,2024.pdf
Nayarit,Abr,23.8,01/04/2024,2024.pdf
Nuevo León,Abr,25,01/04/2024,2024.pdf
Oaxaca,Abr,26.5,01/04/2024,2024.pdf
Puebla,Abr,21.4,01/04/2024,2024.pdf
Querétaro,Abr,23.3,01/04/2024,2024.pdf
Quintana Roo,Abr,28.3,01/04/2024,2024.pdf
San Luis Potosí,Abr,26.9,01/04/2024,2024.pdf
Sinaloa,Abr,24.2,01/04/2024,2024.pdf
Sonora,Abr,20.5,01/04/2024,2024.pdf
Tabasco,Abr,30.3,01/04/2024,2024.pdf
Tamaulipas,Abr,27.1,01/04/2024,2024.pdf
Tlaxcala,Abr,18.3,01/04/2024,2024.pdf
Veracruz,Abr,25.5,01/04/2024,2024.pdf
Yucatán,Abr,29.6,01/04/2024,2024.pdf
Zacatecas,Abr,20.2,01/04/2024,2024.pdf
Nacional,Abr,23.2,01/04/2024,2024.pdf
Aguascalientes,May,24.8,01/05/2024,2024.pdf
Baja California,May,19.7,01/05/2024,2024.pdf
Baja California Sur,May,24.4,01/05/2024,2024.pdf
Campeche,May,33.4,01/05/2024,2024.pdf
Coahuila,May,29.9,01/05/2024,2024.pdf
Colima,May,26.8,01/05/2024,2024.pdf
Chiapas,May,29.8,01/05/2024,2024.pdf
Chihuahua,May,23.8,01/05/2024,2024.pdf
Ciudad de México,May,23.6,01/05/2024,2024.pdf
Durango,May,24.3,01/05/2024,2024.pdf
Guanajuato,May,26,01/05/2024,2024.pdf
Guerrero,May,28.9,01/05/2024,2024.pdf
Hidalgo,May,26.2,01/05/2024,2024.pdf
Jalisco,May,25.7,01/05/2024,2024.pdf
Estado de México,May,20.5,01/05/2024,2024.pdf
Michoacán,May,25.3,01/05/2024,2024.pdf
Morelos,May,28.3,01/05/2024,2024.pdf
Nayarit,May,26.5,01/05/2024,2024.pdf
Nuevo León,May,30.1,01/05/2024,2024.pdf
Oaxaca,May,28.5,01/05/2024,2024.pdf
Puebla,May,24.4,01/05/2024,2024.pdf
Querétaro,May,27.8,01/05/2024,2024.pdf
Quintana Roo,May,30.8,01/05/2024,2024.pdf
San Luis Potosí,May,32,01/05/2024,2024.pdf
Sinaloa,May,27.7,01/05/2024,2024.pdf
Sonora,May,24.4,01/05/2024,2024.pdf
Tabasco,May,33.1,01/05/2024,2024.pdf
Tamaulipas,May,32,01/05/2024,2024.pdf
Tlaxcala,May,20.5,01/05/2024,2024.pdf
Veracruz,May,29.7,01/05/2024,2024.pdf
Yucatán,May,32.9,01/05/2024,2024.pdf
Zacatecas,May,24.7,01/05/2024,2024.pdf
Nacional,May,27,01/05/2024,2024.pdf
Aguascalientes,Jun,23.3,01/06/2024,2024.pdf
Baja California,Jun,24.4,01/06/2024,2024.pdf
Baja California Sur,Jun,26,01/06/2024,2024.pdf
Campeche,Jun,30.3,01/06/2024,2024.pdf
Coahuila,Jun,21.1,01/06/2024,2024.pdf
Colima,Jun,28.1,01/06/2024,2024.pdf
Chiapas,Jun,27.3,01/06/2024,2024.pdf
Chihuahua,Jun,30,01/06/2024,2024.pdf
Ciudad de México,Jun,27.5,01/06/2024,2024.pdf
Durango,Jun,24.8,01/06/2024,2024.pdf
Guanajuato,Jun,28,01/06/2024,2024.pdf
Guerrero,Jun,23.7,01/06/2024,2024.pdf
Hidalgo,Jun,22.9,01/06/2024,2024.pdf
Jalisco,Jun,25.8,01/06/2024,2024.pdf
Estado de México,Jun,18.3,01/06/2024,2024.pdf
Michoacán,Jun,24.3,01/06/2024,2024.pdf
Morelos,Jun,26.3,01/06/2024,2024.pdf
Nayarit,Jun,28.1,01/06/2024,2024.pdf
Nuevo León,Jun,29.2,01/06/2024,2024.pdf
Oaxaca,Jun,26.6,01/06/2024,2024.pdf
Puebla,Jun,21.8,01/06/2024,2024.pdf
Querétaro,Jun,24.7,01/06/2024,2024.pdf
Quintana Roo,Jun,29.8,01/06/2024,2024.pdf
San Luis Potosí,Jun,30.9,01/06/2024,2024.pdf
Sinaloa,Jun,29.5,01/06/2024,2024.pdf
Sonora,Jun,30.2,01/06/2024,2024.pdf
Tabasco,Jun,30.4,01/06/2024,2024.pdf
Tamaulipas,Jun,31.2,01/06/2024,2024.pdf
Tlaxcala,Jun,18.4,01/06/2024,2024.pdf
Veracruz,Jun,27.4,01/06/2024,2024.pdf
Yucatán,Jun,30.2,01/06/2024,2024.pdf
Zacatecas,Jun,24.3,01/06/2024,2024.pdf
Nacional,Jun,27.6,01/06/2024,2024.pdf
Aguascalientes,Jul,20.3,01/07/2024,2024.pdf
Baja California,Jul,27.7,01/07/2024,2024.pdf
Baja California Sur,Jul,28.9,01/07/2024,2024.pdf
Campeche,Jul,29.6,01/07/2024,2024.pdf
Coahuila,Jul,28.3,01/07/2024,2024.pdf
Colima,Jul,28.5,01/07/2024,2024.pdf
Chiapas,Jul,26.7,01/07/2024,2024.pdf
Chihuahua,Jul,26.5,01/07/2024,2024.pdf
Ciudad de México,Jul,19.2,01/07/2024,2024.pdf
Durango,Jul,22.3,01/07/2024,2024.pdf
Guanajuato,Jul,20.9,01/07/2024,2024.pdf
Guerrero,Jul,26.7,01/07/2024,2024.pdf
Hidalgo,Jul,21.3,01/07/2024,2024.pdf
Jalisco,Jul,23.6,01/07/2024,2024.pdf
Estado de México,Jul,16.8,01/07/2024,2024.pdf
Michoacán,Jul,21.8,01/07/2024,2024.pdf
Morelos,Jul,23.2,01/07/2024,2024.pdf
Nayarit,Jul,28.3,01/07/2024,2024.pdf
Nuevo León,Jul,26.8,01/07/2024,2024.pdf
Oaxaca,Jul,25,01/07/2024,2024.pdf
Puebla,Jul,20,01/07/2024,2024.pdf
Querétaro,Jul,22,01/07/2024,2024.pdf
Quintana Roo,Jul,29.5,01/07/2024,2024.pdf
San Luis Potosí,Jul,25.6,01/07/2024,2024.pdf
Sinaloa,Jul,31.6,01/07/2024,2024.pdf
Sonora,Jul,32,01/07/2024,2024.pdf
Tabasco,Jul,29.2,01/07/2024,2024.pdf
Tamaulipas,Jul,28.9,01/07/2024,2024.pdf
Tlaxcala,Jul,17.2,01/07/2024,2024.pdf
Veracruz,Jul,24.9,01/07/2024,2024.pdf
Yucatán,Jul,29.4,01/07/2024,2024.pdf
Zacatecas,Jul,21,01/07/2024,2024.pdf
Nacional,Jul,26.5,01/07/2024,2024.pdf
Aguascalientes,Ago,20.6,01/08/2024,2024.pdf
Baja California,Ago,27.1,01/08/2024,2024.pdf
Baja California Sur,Ago,29.7,01/08/2024,2024.pdf
Campeche,Ago,29.3,01/08/2024,2024.pdf
Coahuila,Ago,30.2,01/08/2024,2024.pdf
Colima,Ago,28.8,01/08/2024,2024.pdf
Chiapas,Ago,26.6,01/08/2024,2024.pdf
Chihuahua,Ago,26.6,01/08/2024,2024.pdf
Ciudad de México,Ago,19.4,01/08/2024,2024.pdf
Durango,Ago,23.6,01/08/2024,2024.pdf
Guanajuato,Ago,21,01/08/2024,2024.pdf
Guerrero,Ago,26.2,01/08/2024,2024.pdf
Hidalgo,Ago,21.3,01/08/2024,2024.pdf
Jalisco,Ago,23.6,01/08/2024,2024.pdf
Estado de México,Ago,16.7,01/08/2024,2024.pdf
Michoacán,Ago,21.7,01/08/2024,2024.pdf
Morelos,Ago,23,01/08/2024,2024.pdf
Nayarit,Ago,28.1,01/08/2024,2024.pdf
Nuevo León,Ago,28.3,01/08/2024,2024.pdf
Oaxaca,Ago,25.2,01/08/2024,2024.pdf
Puebla,Ago,19.9,01/08/2024,2024.pdf
Querétaro,Ago,22.2,01/08/2024,2024.pdf
Quintana Roo,Ago,29.6,01/08/2024,2024.pdf
San Luis Potosí,Ago,26.3,01/08/2024,2024.pdf
Sinaloa,Ago,30.7,01/08/2024,2024.pdf
Sonora,Ago,31.5,01/08/2024,2024.pdf
Tabasco,Ago,29.2,01/08/2024,2024.pdf
Tamaulipas,Ago,30.1,01/08/2024,2024.pdf
Tlaxcala,Ago,16.9,01/08/2024,2024.pdf
Veracruz,Ago,25.2,01/08/2024,2024.pdf
Yucatán,Ago,29.4,01/08/2024,2024.pdf
Zacatecas,Ago,21.5,01/08/2024,2024.pdf
Nacional,Ago,26.8,01/08/2024,2024.pdf
Aguascalientes,Sep,20.1,01/09/2024,2024.pdf
Baja California,Sep,25.1,01/09/2024,2024.pdf
Baja California Sur,Sep,28.1,01/09/2024,2024.pdf
Campeche,Sep,29.7,01/09/2024,2024.pdf
Coahuila,Sep,26.3,01/09/2024,2024.pdf
Colima,Sep,28.5,01/09/2024,2024.pdf
Chiapas,Sep,26.5,01/09/2024,2024.pdf
Chihuahua,Sep,23.6,01/09/2024,2024.pdf
Ciudad de México,Sep,19.3,01/09/2024,2024.pdf
Durango,Sep,22.1,01/09/2024,2024.pdf
Guanajuato,Sep,20.7,01/09/2024,2024.pdf
Guerrero,Sep,26.3,01/09/2024,2024.pdf
Hidalgo,Sep,21.5,01/09/2024,2024.pdf
Jalisco,Sep,23.9,01/09/2024,2024.pdf
Estado de México,Sep,16.8,01/09/2024,2024.pdf
Michoacán,Sep,21.6,01/09/2024,2024.pdf
Morelos,Sep,22.8,01/09/2024,2024.pdf
Nayarit,Sep,28.5,01/09/2024,2024.pdf
Nuevo León,Sep,26.4,01/09/2024,2024.pdf
Oaxaca,Sep,24.7,01/09/2024,2024.pdf
Puebla,Sep,19.6,01/09/2024,2024.pdf
Querétaro,Sep,22.2,01/09/2024,2024.pdf
Quintana Roo,Sep,29.7,01/09/2024,2024.pdf
San Luis Potosí,Sep,25.7,01/09/2024,2024.pdf
Sinaloa,Sep,30.7,01/09/2024,2024.pdf
Sonora,Sep,30.2,01/09/2024,2024.pdf
Tabasco,Sep,29.6,01/09/2024,2024.pdf
Tamaulipas,Sep,28.7,01/09/2024,2024.pdf
Tlaxcala,Sep,16.6,01/09/2024,2024.pdf
Veracruz,Sep,25.9,01/09/2024,2024.pdf
Yucatán,Sep,29.3,01/09/2024,2024.pdf
Zacatecas,Sep,20.5,01/09/2024,2024.pdf
Nacional,Sep,25.7,01/09/2024,2024.pdf
Aguascalientes,Oct,17.7,01/10/2024,2024.pdf
Baja California,Oct,22,01/10/2024,2024.pdf
Baja California Sur,Oct,27.5,01/10/2024,2024.pdf
Campeche,Oct,27.5,01/10/2024,2024.pdf
Coahuila,Oct,24,01/10/2024,2024.pdf
Colima,Oct,28.3,01/10/2024,2024.pdf
Chiapas,Oct,25.3,01/10/2024,2024.pdf
Chihuahua,Oct,21,01/10/2024,2024.pdf
Ciudad de México,Oct,16.9,01/10/2024,2024.pdf
Durango,Oct,19.7,01/10/2024,2024.pdf
Guanajuato,Oct,18.4,01/10/2024,2024.pdf
Guerrero,Oct,25.4,01/10/2024,2024.pdf
Hidalgo,Oct,18.3,01/10/2024,2024.pdf
Jalisco,Oct,22,01/10/2024,2024.pdf
Estado de México,Oct,14.5,01/10/2024,2024.pdf
Michoacán,Oct,20,01/10/2024,2024.pdf
Morelos,Oct,21.3,01/10/2024,2024.pdf
Nayarit,Oct,28.3,01/10/2024,2024.pdf
Nuevo León,Oct,22.9,01/10/2024,2024.pdf
Oaxaca,Oct,23.2,01/10/2024,2024.pdf
Puebla,Oct,17.6,01/10/2024,2024.pdf
Querétaro,Oct,18.9,01/10/2024,2024.pdf
Quintana Roo,Oct,27.9,01/10/2024,2024.pdf
San Luis Potosí,Oct,23,01/10/2024,2024.pdf
Sinaloa,Oct,30.3,01/10/2024,2024.pdf
Sonora,Oct,27.4,01/10/2024,2024.pdf
Tabasco,Oct,27,01/10/2024,2024.pdf
Tamaulipas,Oct,25.7,01/10/2024,2024.pdf
Tlaxcala,Oct,14.5,01/10/2024,2024.pdf
Veracruz,Oct,23.3,01/10/2024,2024.pdf
Yucatán,Oct,27,01/10/2024,2024.pdf
Zacatecas,Oct,17.9,01/10/2024,2024.pdf
Nacional,Oct,23.5,01/10/2024,2024.pdf
Aguascalientes,Nov,17.6,01/11/2024,2024.pdf
Baja California,Nov,14.9,01/11/2024,2024.pdf
Baja California Sur,Nov,21.3,01/11/2024,2024.pdf
Campeche,Nov,26.5,01/11/2024,2024.pdf
Coahuila,Nov,20.5,01/11/2024,2024.pdf
Colima,Nov,27.5,01/11/2024,2024.pdf
Chiapas,Nov,24.6,01/11/2024,2024.pdf
Chihuahua,Nov,14.7,01/11/2024,2024.pdf
Ciudad de México,Nov,17.4,01/11/2024,2024.pdf
Durango,Nov,17.4,01/11/2024,2024.pdf
Guanajuato,Nov,18.7,01/11/2024,2024.pdf
Guerrero,Nov,25.5,01/11/2024,2024.pdf
Hidalgo,Nov,18.5,01/11/2024,2024.pdf
Jalisco,Nov,21.3,01/11/2024,2024.pdf
Estado de México,Nov,13.9,01/11/2024,2024.pdf
Michoacán,Nov,19.7,01/11/2024,2024.pdf
Morelos,Nov,20.8,01/11/2024,2024.pdf
Nayarit,Nov,25.4,01/11/2024,2024.pdf
Nuevo León,Nov,21.7,01/11/2024,2024.pdf
Oaxaca,Nov,22.7,01/11/2024,2024.pdf
Puebla,Nov,17.4,01/11/2024,2024.pdf
Querétaro,Nov,19.6,01/11/2024,2024.pdf
Quintana Roo,Nov,26.7,01/11/2024,2024.pdf
San Luis Potosí,Nov,22.9,01/11/2024,2024.pdf
Sinaloa,Nov,23.9,01/11/2024,2024.pdf
Sonora,Nov,18,01/11/2024,2024.pdf
Tabasco,Nov,26.6,01/11/2024,2024.pdf
Tamaulipas,Nov,24.4,01/11/2024,2024.pdf
Tlaxcala,Nov,14,01/11/2024,2024.pdf
Veracruz,Nov,22.3,01/11/2024,2024.pdf
Yucatán,Nov,25.8,01/11/2024,2024.pdf
Zacatecas,Nov,17.8,01/11/2024,2024.pdf
Nacional,Nov,20.3,01/11/2024,2024.pdf
Aguascalientes,Dic,14.7,01/12/2024,2024.pdf
Baja California,Dic,14,01/12/2024,2024.pdf
Baja California Sur,Dic,19.6,01/12/2024,2024.pdf
Campeche,Dic,24.3,01/12/2024,2024.pdf
Coahuila,Dic,16.8,01/12/2024,2024.pdf
Colima,Dic,26.5,01/12/2024,2024.pdf
Chiapas,Dic,22.8,01/12/2024,2024.pdf
Chihuahua,Dic,12.1,01/12/2024,2024.pdf
Ciudad de México,Dic,15.5,01/12/2024,2024.pdf
Durango,Dic,14.3,01/12/2024,2024.pdf
Guanajuato,Dic,16,01/12/2024,2024.pdf
Guerrero,Dic,23.8,01/12/2024,2024.pdf
Hidalgo,Dic,15.7,01/12/2024,2024.pdf
Jalisco,Dic,19.3,01/12/2024,2024.pdf
Estado de México,Dic,13.1,01/12/2024,2024.pdf
Michoacán,Dic,17.7,01/12/2024,2024.pdf
Morelos,Dic,19.2,01/12/2024,2024.pdf
Nayarit,Dic,22.9,01/12/2024,2024.pdf
Nuevo León,Dic,18.2,01/12/2024,2024.pdf
Oaxaca,Dic,20.7,01/12/2024,2024.pdf
Puebla,Dic,15.5,01/12/2024,2024.pdf
Querétaro,Dic,16.7,01/12/2024,2024.pdf
Quintana Roo,Dic,24.6,01/12/2024,2024.pdf
San Luis Potosí,Dic,19.8,01/12/2024,2024.pdf
Sinaloa,Dic,21.7,01/12/2024,2024.pdf
Sonora,Dic,16.7,01/12/2024,2024.pdf
Tabasco,Dic,24.3,01/12/2024,2024.pdf
Tamaulipas,Dic,21.1,01/12/2024,2024.pdf
Tlaxcala,Dic,12.7,01/12/2024,2024.pdf
Veracruz,Dic,20.3,01/12/2024,2024.pdf
Yucatán,Dic,23.4,01/12/2024,2024.pdf
Zacatecas,Dic,15.1,01/12/2024,2024.pdf
Nacional,Dic,18,01/12/2024,2024.pdf
Aguascalientes,Ene,14,01/01/2025,2025.pdf
Baja California,Ene,12.1,01/01/2025,2025.pdf
Baja California Sur,Ene,17,01/01/2025,2025.pdf
Campeche,Ene,24.6,01/01/2025,2025.pdf
Coahuila,Ene,11.9,01/01/2025,2025.pdf
Colima,Ene,25.3,01/01/2025,2025.pdf
Chiapas,Ene,23.5,01/01/2025,2025.pdf
Chihuahua,Ene,8.3,01/01/2025,2025.pdf
Ciudad de México,Ene,15.9,01/01/2025,2025.pdf
Durango,Ene,12.2,01/01/2025,2025.pdf
Guanajuato,Ene,15.8,01/01/2025,2025.pdf
Guerrero,Ene,24,01/01/2025,2025.pdf
Hidalgo,Ene,15.5,01/01/2025,2025.pdf
Jalisco,Ene,18.2,01/01/2025,2025.pdf
Estado de México,Ene,13.1,01/01/2025,2025.pdf
Michoacán,Ene,17.5,01/01/2025,2025.pdf
Morelos,Ene,19.8,01/01/2025,2025.pdf
Nayarit,Ene,20.1,01/01/2025,2025.pdf
Nuevo León,Ene,13.5,01/01/2025,2025.pdf
Oaxaca,Ene,21.3,01/01/2025,2025.pdf
Puebla,Ene,15.3,01/01/2025,2025.pdf
Querétaro,Ene,16.4,01/01/2025,2025.pdf
Quintana Roo,Ene,24.6,01/01/2025,2025.pdf
San Luis Potosí,Ene,17,01/01/2025,2025.pdf
Sinaloa,Ene,19.3,01/01/2025,2025.pdf
Sonora,Ene,13.6,01/01/2025,2025.pdf
Tabasco,Ene,24.5,01/01/2025,2025.pdf
Tamaulipas,Ene,17,01/01/2025,2025.pdf
Tlaxcala,Ene,12.7,01/01/2025,2025.pdf
Veracruz,Ene,18.6,01/01/2025,2025.pdf
Yucatán,Ene,23.8,01/01/2025,2025.pdf
Zacatecas,Ene,13.3,01/01/2025,2025.pdf
Nacional,Ene,15.9,01/01/2025,2025.pdf
Aguascalientes,Feb,16.8,01/02/2025,2025.pdf
Baja California,Feb,15,01/02/2025,2025.pdf
Baja California Sur,Feb,19,01/02/2025,2025.pdf
Campeche,Feb,26.4,01/02/2025,2025.pdf
Coahuila,Feb,17.6,01/02/2025,2025.pdf
Colima,Feb,25.9,01/02/2025,2025.pdf
Chiapas,Feb,25.1,01/02/2025,2025.pdf
Chihuahua,Feb,14.6,01/02/2025,2025.pdf
Ciudad de México,Feb,17.5,01/02/2025,2025.pdf
Durango,Feb,15.8,01/02/2025,2025.pdf
Guanajuato,Feb,18.1,01/02/2025,2025.pdf
Guerrero,Feb,25.6,01/02/2025,2025.pdf
Hidalgo,Feb,17.8,01/02/2025,2025.pdf
Jalisco,Feb,20.2,01/02/2025,2025.pdf
Estado de México,Feb,14.5,01/02/2025,2025.pdf
Michoacán,Feb,19.3,01/02/2025,2025.pdf
Morelos,Feb,22.6,01/02/2025,2025.pdf
Nayarit,Feb,22.5,01/02/2025,2025.pdf
Nuevo León,Feb,19,01/02/2025,2025.pdf
Oaxaca,Feb,23.7,01/02/2025,2025.pdf
Puebla,Feb,17.6,01/02/2025,2025.pdf
Querétaro,Feb,18.9,01/02/2025,2025.pdf
Quintana Roo,Feb,26,01/02/2025,2025.pdf
San Luis Potosí,Feb,20.7,01/02/2025,2025.pdf
Sinaloa,Feb,21.5,01/02/2025,2025.pdf
Sonora,Feb,17.8,01/02/2025,2025.pdf
Tabasco,Feb,25.9,01/02/2025,2025.pdf
Tamaulipas,Feb,20.8,01/02/2025,2025.pdf
Tlaxcala,Feb,14.4,01/02/2025,2025.pdf
Veracruz,Feb,20.9,01/02/2025,2025.pdf
Yucatán,Feb,25.9,01/02/2025,2025.pdf
Zacatecas,Feb,16,01/02/2025,2025.pdf
Nacional,Feb,19.3,01/02/2025,2025.pdf
Aguascalientes,Mar,17.8,01/03/2025,2025.pdf
Baja California,Mar,15,01/03/2025,2025.pdf
Baja California Sur,Mar,20,01/03/2025,2025.pdf
Campeche,Mar,27.7,01/03/2025,2025.pdf
Coahuila,Mar,21.8,01/03/2025,2025.pdf
Colima,Mar,25.2,01/03/2025,2025.pdf
Chiapas,Mar,26.2,01/03/2025,2025.pdf
Chihuahua,Mar,15.5,01/03/2025,2025.pdf
Ciudad de México,Mar,19.8,01/03/2025,2025.pdf
Durango,Mar,17.6,01/03/2025,2025.pdf
Guanajuato,Mar,19.6,01/03/2025,2025.pdf
Guerrero,Mar,26.2,01/03/2025,2025.pdf
Hidalgo,Mar,19.9,01/03/2025,2025.pdf
Jalisco,Mar,21,01/03/2025,2025.pdf
Estado de México,Mar,16.3,01/03/2025,2025.pdf
Michoacán,Mar,20.7,01/03/2025,2025.pdf
Morelos,Mar,24.6,01/03/2025,2025.pdf
Nayarit,Mar,22,01/03/2025,2025.pdf
Nuevo León,Mar,22.6,01/03/2025,2025.pdf
Oaxaca,Mar,24.8,01/03/2025,2025.pdf
Puebla,Mar,19.6,01/03/2025,2025.pdf
Querétaro,Mar,21,01/03/2025,2025.pdf
Quintana Roo,Mar,26.8,01/03/2025,2025.pdf
San Luis Potosí,Mar,23.5,01/03/2025,2025.pdf
Sinaloa,Mar,22,01/03/2025,2025.pdf
Sonora,Mar,18.2,01/03/2025,2025.pdf
Tabasco,Mar,27.7,01/03/2025,2025.pdf
Tamaulipas,Mar,24.5,01/03/2025,2025.pdf
Tlaxcala,Mar,16.2,01/03/2025,2025.pdf
Veracruz,Mar,23,01/03/2025,2025.pdf
Yucatán,Mar,26.9,01/03/2025,2025.pdf
Zacatecas,Mar,16.5,01/03/2025,2025.pdf
Nacional,Mar,20.8,01/03/2025,2025.pdf
Aguascalientes,Abr,19.3,01/04/2025,2025.pdf
Baja California,Abr,16.9,01/04/2025,2025.pdf
Baja California Sur,Abr,21.8,01/04/2025,2025.pdf
Campeche,Abr,28.7,01/04/2025,2025.pdf
Coahuila,Abr,24.8,01/04/2025,2025.pdf
Colima,Abr,25.5,01/04/2025,2025.pdf
Chiapas,Abr,26.3,01/04/2025,2025.pdf
Chihuahua,Abr,18.9,01/04/2025,2025.pdf
Ciudad de México,Abr,20.2,01/04/2025,2025.pdf
Durango,Abr,20.4,01/04/2025,2025.pdf
Guanajuato,Abr,21.1,01/04/2025,2025.pdf
Guerrero,Abr,26.7,01/04/2025,2025.pdf
Hidalgo,Abr,20.5,01/04/2025,2025.pdf
Jalisco,Abr,22.5,01/04/2025,2025.pdf
Estado de México,Abr,16.6,01/04/2025,2025.pdf
Michoacán,Abr,21.6,01/04/2025,2025.pdf
Morelos,Abr,25.5,01/04/2025,2025.pdf
Nayarit,Abr,24.2,01/04/2025,2025.pdf
Nuevo León,Abr,25,01/04/2025,2025.pdf
Oaxaca,Abr,25.5,01/04/2025,2025.pdf
Puebla,Abr,20.1,01/04/2025,2025.pdf
Querétaro,Abr,21.9,01/04/2025,2025.pdf
Quintana Roo,Abr,27.5,01/04/2025,2025.pdf
San Luis Potosí,Abr,25.1,01/04/2025,2025.pdf
Sinaloa,Abr,24.9,01/04/2025,2025.pdf
Sonora,Abr,21.2,01/04/2025,2025.pdf
Tabasco,Abr,28.5,01/04/2025,2025.pdf
Tamaulipas,Abr,26.5,01/04/2025,2025.pdf
Tlaxcala,Abr,16.3,01/04/2025,2025.pdf
Veracruz,Abr,23.7,01/04/2025,2025.pdf
Yucatán,Abr,27.6,01/04/2025,2025.pdf
Zacatecas,Abr,19,01/04/2025,2025.pdf
Nacional,Abr,22.8,01/04/2025,2025.pdf
Aguascalientes,May,22,01/05/2025,2025.pdf
Baja California,May,20.5,01/05/2025,2025.pdf
Baja California Sur,May,23.9,01/05/2025,2025.pdf
Campeche,May,31.6,01/05/2025,2025.pdf
Coahuila,May,27.6,01/05/2025,2025.pdf
Colima,May,28.2,01/05/2025,2025.pdf
Chiapas,May,28.1,01/05/2025,2025.pdf
Chihuahua,May,22.5,01/05/2025,2025.pdf
Ciudad de México,May,21.6,01/05/2025,2025.pdf
Durango,May,23.1,01/05/2025,2025.pdf
Guanajuato,May,23.5,01/05/2025,2025.pdf
Guerrero,May,28,01/05/2025,2025.pdf
Hidalgo,May,23.2,01/05/2025,2025.pdf
Jalisco,May,24.8,01/05/2025,2025.pdf
Estado de México,May,18.5,01/05/2025,2025.pdf
Michoacán,May,23.8,01/05/2025,2025.pdf
Morelos,May,26.3,01/05/2025,2025.pdf
Nayarit,May,26.6,01/05/2025,2025.pdf
Nuevo León,May,27.4,01/05/2025,2025.pdf
Oaxaca,May,26.9,01/05/2025,2025.pdf
Puebla,May,22.1,01/05/2025,2025.pdf
Querétaro,May,24.8,01/05/2025,2025.pdf
Quintana Roo,May,29.9,01/05/2025,2025.pdf
San Luis Potosí,May,28.1,01/05/2025,2025.pdf
Sinaloa,May,27.6,01/05/2025,2025.pdf
Sonora,May,24.4,01/05/2025,2025.pdf
Tabasco,May,31.3,01/05/2025,2025.pdf
Tamaulipas,May,29.5,01/05/2025,2025.pdf
Tlaxcala,May,18.4,01/05/2025,2025.pdf
Veracruz,May,26.7,01/05/2025,2025.pdf
Yucatán,May,30.8,01/05/2025,2025.pdf
Zacatecas,May,22.2,01/05/2025,2025.pdf
Nacional,May,25.5,01/05/2025,2025.pdf
Aguascalientes,Jun,20.8,01/06/2025,2025.pdf
Baja California,Jun,23.5,01/06/2025,2025.pdf
Baja California Sur,Jun,26.9,01/06/2025,2025.pdf
Campeche,Jun,30.1,01/06/2025,2025.pdf
Coahuila,Jun,29.3,01/06/2025,2025.pdf
Colima,Jun,28.3,01/06/2025,2025.pdf
Chiapas,Jun,26.3,01/06/2025,2025.pdf
Chihuahua,Jun,26.6,01/06/2025,2025.pdf
Ciudad de México,Jun,19.2,01/06/2025,2025.pdf
Durango,Jun,25,01/06/2025,2025.pdf
Guanajuato,Jun,21.1,01/06/2025,2025.pdf
Guerrero,Jun,25.6,01/06/2025,2025.pdf
Hidalgo,Jun,21.1,01/06/2025,2025.pdf
Jalisco,Jun,24.4,01/06/2025,2025.pdf
Estado de México,Jun,17,01/06/2025,2025.pdf
Michoacán,Jun,21.6,01/06/2025,2025.pdf
Morelos,Jun,23.3,01/06/2025,2025.pdf
Nayarit,Jun,28.6,01/06/2025,2025.pdf
Nuevo León,Jun,27.6,01/06/2025,2025.pdf
Oaxaca,Jun,24.7,01/06/2025,2025.pdf
Puebla,Jun,19.9,01/06/2025,2025.pdf
Querétaro,Jun,22.3,01/06/2025,2025.pdf
Quintana Roo,Jun,29.4,01/06/2025,2025.pdf
San Luis Potosí,Jun,25.6,01/06/2025,2025.pdf
Sinaloa,Jun,31.2,01/06/2025,2025.pdf
Sonora,Jun,30,01/06/2025,2025.pdf
Tabasco,Jun,29.7,01/06/2025,2025.pdf
Tamaulipas,Jun,29.2,01/06/2025,2025.pdf
Tlaxcala,Jun,16.2,01/06/2025,2025.pdf
Veracruz,Jun,24.7,01/06/2025,2025.pdf
Yucatán,Jun,29.7,01/06/2025,2025.pdf
Zacatecas,Jun,21.8,01/06/2025,2025.pdf
Nacional,Jun,26.4,01/06/2025,2025.pdf
Aguascalientes,Jul,19.4,01/07/2025,2025.pdf
Baja California,Jul,25.6,01/07/2025,2025.pdf
Baja California Sur,Jul,28.7,01/07/2025,2025.pdf
Campeche,Jul,29.8,01/07/2025,2025.pdf
Coahuila,Jul,28.1,01/07/2025,2025.pdf
Colima,Jul,28.5,01/07/2025,2025.pdf
Chiapas,Jul,26.3,01/07/2025,2025.pdf
Chihuahua,Jul,25,01/07/2025,2025.pdf
Ciudad de México,Jul,18.7,01/07/2025,2025.pdf
Durango,Jul,22.5,01/07/2025,2025.pdf
Guanajuato,Jul,20,01/07/2025,2025.pdf
Guerrero,Jul,25.9,01/07/2025,2025.pdf
Hidalgo,Jul,20.3,01/07/2025,2025.pdf
Jalisco,Jul,23.3,01/07/2025,2025.pdf
Estado de México,Jul,16.4,01/07/2025,2025.pdf
Michoacán,Jul,20.9,01/07/2025,2025.pdf
Morelos,Jul,22.4,01/07/2025,2025.pdf
Nayarit,Jul,28.2,01/07/2025,2025.pdf
Nuevo León,Jul,28.4,01/07/2025,2025.pdf
Oaxaca,Jul,25.2,01/07/2025,2025.pdf
Puebla,Jul,19.6,01/07/2025,2025.pdf
Querétaro,Jul,21.2,01/07/2025,2025.pdf
Quintana Roo,Jul,29.7,01/07/2025,2025.pdf
San Luis Potosí,Jul,25,01/07/2025,2025.pdf
Sinaloa,Jul,30.4,01/07/2025,2025.pdf
Sonora,Jul,31.1,01/07/2025,2025.pdf
Tabasco,Jul,29.8,01/07/2025,2025.pdf
Tamaulipas,Jul,28.9,01/07/2025,2025.pdf
Tlaxcala,Jul,16.3,01/07/2025,2025.pdf
Veracruz,Jul,25.5,01/07/2025,2025.pdf
Yucatán,Jul,29.3,01/07/2025,2025.pdf
Zacatecas,Jul,20,01/07/2025,2025.pdf
Nacional,Jul,26.1,01/07/2025,2025.pdf
Aguascalientes,Ago,20.1,01/08/2025,2025.pdf
Baja California,Ago,26.7,01/08/2025,2025.pdf
Baja California Sur,Ago,29.8,01/08/2025,2025.pdf
Campeche,Ago,29.2,01/08/2025,2025.pdf
Coahuila,Ago,29.6,01/08/2025,2025.pdf
Colima,Ago,28.6,01/08/2025,2025.pdf
Chiapas,Ago,26.4,01/08/2025,2025.pdf
Chihuahua,Ago,25.3,01/08/2025,2025.pdf
Ciudad de México,Ago,19,01/08/2025,2025.pdf
Durango,Ago,23.1,01/08/2025,2025.pdf
Guanajuato,Ago,20.5,01/08/2025,2025.pdf
Guerrero,Ago,25.9,01/08/2025,2025.pdf
Hidalgo,Ago,20.8,01/08/2025,2025.pdf
Jalisco,Ago,23.3,01/08/2025,2025.pdf
Estado de México,Ago,16.8,01/08/2025,2025.pdf
Michoacán,Ago,20.9,01/08/2025,2025.pdf
Morelos,Ago,22.6,01/08/2025,2025.pdf
Nayarit,Ago,28.3,01/08/2025,2025.pdf
Nuevo León,Ago,28.8,01/08/2025,2025.pdf
Oaxaca,Ago,25,01/08/2025,2025.pdf
Puebla,Ago,20,01/08/2025,2025.pdf
Querétaro,Ago,21.5,01/08/2025,2025.pdf
Quintana Roo,Ago,29.8,01/08/2025,2025.pdf
San Luis Potosí,Ago,26.3,01/08/2025,2025.pdf
Sinaloa,Ago,30.6,01/08/2025,2025.pdf
Sonora,Ago,32,01/08/2025,2025.pdf
Tabasco,Ago,29.7,01/08/2025,2025.pdf
Tamaulipas,Ago,30.2,01/08/2025,2025.pdf
Tlaxcala,Ago,16.4,01/08/2025,2025.pdf
Veracruz,Ago,26.1,01/08/2025,2025.pdf
Yucatán,Ago,29.2,01/08/2025,2025.pdf
Zacatecas,Ago,20.5,01/08/2025,2025.pdf
Nacional,Ago,26.6,01/08/2025,2025.pdf
Aguascalientes,Sep,20.6,01/09/2025,2025.pdf
Baja California,Sep,25.6,01/09/2025,2025.pdf
Baja California Sur,Sep,29.2,01/09/2025,2025.pdf
Campeche,Sep,29.1,01/09/2025,2025.pdf
Coahuila,Sep,27.1,01/09/2025,2025.pdf
Colima,Sep,28.6,01/09/2025,2025.pdf
Chiapas,Sep,26.4,01/09/2025,2025.pdf
Chihuahua,Sep,23.4,01/09/2025,2025.pdf
Ciudad de México,Sep,19.3,01/09/2025,2025.pdf
Durango,Sep,22.2,01/09/2025,2025.pdf
Guanajuato,Sep,20.7,01/09/2025,2025.pdf
Guerrero,Sep,25.5,01/09/2025,2025.pdf
Hidalgo,Sep,21.1,01/09/2025,2025.pdf
Jalisco,Sep,23.9,01/09/2025,2025.pdf
Estado de México,Sep,17.1,01/09/2025,2025.pdf
Michoacán,Sep,20.7,01/09/2025,2025.pdf
Morelos,Sep,22.5,01/09/2025,2025.pdf
Nayarit,Sep,28.1,01/09/2025,2025.pdf
Nuevo León,Sep,26.5,01/09/2025,2025.pdf
Oaxaca,Sep,24.3,01/09/2025,2025.pdf
Puebla,Sep,19.5,01/09/2025,2025.pdf
Querétaro,Sep,21.3,01/09/2025,2025.pdf
Quintana Roo,Sep,29.2,01/09/2025,2025.pdf
San Luis Potosí,Sep,25.8,01/09/2025,2025.pdf
Sinaloa,Sep,30.1,01/09/2025,2025.pdf
Sonora,Sep,29.5,01/09/2025,2025.pdf
Tabasco,Sep,29.1,01/09/2025,2025.pdf
Tamaulipas,Sep,28.6,01/09/2025,2025.pdf
Tlaxcala,Sep,16.8,01/09/2025,2025.pdf
Veracruz,Sep,25.3,01/09/2025,2025.pdf
Yucatán,Sep,28.7,01/09/2025,2025.pdf
Zacatecas,Sep,20.1,01/09/2025,2025.pdf
Nacional,Sep,25.5,01/09/2025,2025.pdf
Aguascalientes,Oct,18.6,01/10/2025,2025.pdf
Baja California,Oct,20.5,01/10/2025,2025.pdf
Baja California Sur,Oct,26.2,01/10/2025,2025.pdf
Campeche,Oct,27.9,01/10/2025,2025.pdf
Coahuila,Oct,24.6,01/10/2025,2025.pdf
Colima,Oct,28,01/10/2025,2025.pdf
Chiapas,Oct,25.8,01/10/2025,2025.pdf
Chihuahua,Oct,20.6,01/10/2025,2025.pdf
Ciudad de México,Oct,17.9,01/10/2025,2025.pdf
Durango,Oct,20.5,01/10/2025,2025.pdf
Guanajuato,Oct,19,01/10/2025,2025.pdf
Guerrero,Oct,25.3,01/10/2025,2025.pdf
Hidalgo,Oct,18.5,01/10/2025,2025.pdf
Jalisco,Oct,22.7,01/10/2025,2025.pdf
Estado de México,Oct,15.5,01/10/2025,2025.pdf
Michoacán,Oct,20.8,01/10/2025,2025.pdf
Morelos,Oct,21.9,01/10/2025,2025.pdf
Nayarit,Oct,27.9,01/10/2025,2025.pdf
Nuevo León,Oct,24.3,01/10/2025,2025.pdf
Oaxaca,Oct,23.5,01/10/2025,2025.pdf
Puebla,Oct,18.5,01/10/2025,2025.pdf
Querétaro,Oct,19.5,01/10/2025,2025.pdf
Quintana Roo,Oct,28.3,01/10/2025,2025.pdf
San Luis Potosí,Oct,23.3,01/10/2025,2025.pdf
Sinaloa,Oct,29,01/10/2025,2025.pdf
Sonora,Oct,25.6,01/10/2025,2025.pdf
Tabasco,Oct,28.1,01/10/2025,2025.pdf
Tamaulipas,Oct,26.6,01/10/2025,2025.pdf
Tlaxcala,Oct,15.3,01/10/2025,2025.pdf
Veracruz,Oct,23.7,01/10/2025,2025.pdf
Yucatán,Oct,27.4,01/10/2025,2025.pdf
Zacatecas,Oct,18.4,01/10/2025,2025.pdf
Nacional,Oct,23.5,01/10/2025,2025.pdf
Aguascalientes,Nov,16.3,01/11/2025,2025.pdf
Baja California,Nov,17.7,01/11/2025,2025.pdf
Baja California Sur,Nov,23.7,01/11/2025,2025.pdf
Campeche,Nov,25.9,01/11/2025,2025.pdf
Coahuila,Nov,20.4,01/11/2025,2025.pdf
Colima,Nov,28,01/11/2025,2025.pdf
Chiapas,Nov,24.8,01/11/2025,2025.pdf
Chihuahua,Nov,15.5,01/11/2025,2025.pdf
Ciudad de México,Nov,16.3,01/11/2025,2025.pdf
Durango,Nov,16.6,01/11/2025,2025.pdf
Guanajuato,Nov,16.6,01/11/2025,2025.pdf
Guerrero,Nov,25.6,01/11/2025,2025.pdf
Hidalgo,Nov,17.2,01/11/2025,2025.pdf
Jalisco,Nov,20.7,01/11/2025,2025.pdf
Estado de México,Nov,13.4,01/11/2025,2025.pdf
Michoacán,Nov,19.1,01/11/2025,2025.pdf
Morelos,Nov,20.9,01/11/2025,2025.pdf
Nayarit,Nov,26.2,01/11/2025,2025.pdf
Nuevo León,Nov,21,01/11/2025,2025.pdf
Oaxaca,Nov,22.6,01/11/2025,2025.pdf
Puebla,Nov,16.6,01/11/2025,2025.pdf
Querétaro,Nov,17.5,01/11/2025,2025.pdf
Quintana Roo,Nov,26.1,01/11/2025,2025.pdf
San Luis Potosí,Nov,21.1,01/11/2025,2025.pdf
Sinaloa,Nov,25.7,01/11/2025,2025.pdf
Sonora,Nov,21.1,01/11/2025,2025.pdf
Tabasco,Nov,26,01/11/2025,2025.pdf
Tamaulipas,Nov,23.6,01/11/2025,2025.pdf
Tlaxcala,Nov,13.5,01/11/2025,2025.pdf
Veracruz,Nov,22.2,01/11/2025,2025.pdf
Yucatán,Nov,25.2,01/11/2025,2025.pdf
Zacatecas,Nov,15.6,01/11/2025,2025.pdf
Nacional,Nov,20.5,01/11/2025,2025.pdf
Aguascalientes,Dic,15,01/12/2025,2025.pdf
Baja California,Dic,16.3,01/12/2025,2025.pdf
Baja California Sur,Dic,21.9,01/12/2025,2025.pdf
Campeche,Dic,25.6,01/12/2025,2025.pdf
Coahuila,Dic,17,01/12/2025,2025.pdf
Colima,Dic,26.8,01/12/2025,2025.pdf
Chiapas,Dic,24.1,01/12/2025,2025.pdf
Chihuahua,Dic,13.2,01/12/2025,2025.pdf
Ciudad de México,Dic,15.5,01/12/2025,2025.pdf
Durango,Dic,14.6,01/12/2025,2025.pdf
Guanajuato,Dic,16,01/12/2025,2025.pdf
Guerrero,Dic,25.1,01/12/2025,2025.pdf
Hidalgo,Dic,16.4,01/12/2025,2025.pdf
Jalisco,Dic,19.2,01/12/2025,2025.pdf
Estado de México,Dic,13.2,01/12/2025,2025.pdf
Michoacán,Dic,18.3,01/12/2025,2025.pdf
Morelos,Dic,20.9,01/12/2025,2025.pdf
Nayarit,Dic,23.9,01/12/2025,2025.pdf
Nuevo León,Dic,17.5,01/12/2025,2025.pdf
Oaxaca,Dic,21.4,01/12/2025,2025.pdf
Puebla,Dic,16.5,01/12/2025,2025.pdf
Querétaro,Dic,17.1,01/12/2025,2025.pdf
Quintana Roo,Dic,25.9,01/12/2025,2025.pdf
San Luis Potosí,Dic,19.7,01/12/2025,2025.pdf
Sinaloa,Dic,23.5,01/12/2025,2025.pdf
Sonora,Dic,19,01/12/2025,2025.pdf
Tabasco,Dic,25.6,01/12/2025,2025.pdf
Tamaulipas,Dic,20.7,01/12/2025,2025.pdf
Tlaxcala,Dic,13.3,01/12/2025,2025.pdf
Veracruz,Dic,20.4,01/12/2025,2025.pdf
Yucatán,Dic,24.8,01/12/2025,2025.pdf
Zacatecas,Dic,14.7,01/12/2025,2025.pdf
Nacional,Dic,18.8,01/12/2025,2025.pdf
Aguascalientes,Ene,14.1,01/01/2026,2026.pdf
Baja California,Ene,15.3,01/01/2026,2026.pdf
Baja California Sur,Ene,20,01/01/2026,2026.pdf
Campeche,Ene,23.4,01/01/2026,2026.pdf
Coahuila,Ene,14,01/01/2026,2026.pdf
Colima,Ene,26,01/01/2026,2026.pdf
Chiapas,Ene,22.9,01/01/2026,2026.pdf
Chihuahua,Ene,10.5,01/01/2026,2026.pdf
Ciudad de México,Ene,15.4,01/01/2026,2026.pdf
Durango,Ene,13,01/01/2026,2026.pdf
Guanajuato,Ene,15.1,01/01/2026,2026.pdf
Guerrero,Ene,24.6,01/01/2026,2026.pdf
Hidalgo,Ene,14.9,01/01/2026,2026.pdf
Jalisco,Ene,18.3,01/01/2026,2026.pdf
Estado de México,Ene,12.3,01/01/2026,2026.pdf
Michoacán,Ene,17.5,01/01/2026,2026.pdf
Morelos,Ene,20,01/01/2026,2026.pdf
Nayarit,Ene,23.2,01/01/2026,2026.pdf
Nuevo León,Ene,15.4,01/01/2026,2026.pdf
Oaxaca,Ene,20.9,01/01/2026,2026.pdf
Puebla,Ene,15.1,01/01/2026,2026.pdf
Querétaro,Ene,15.9,01/01/2026,2026.pdf
Quintana Roo,Ene,23.7,01/01/2026,2026.pdf
San Luis Potosí,Ene,17.4,01/01/2026,2026.pdf
Sinaloa,Ene,22.1,01/01/2026,2026.pdf
Sonora,Ene,16.8,01/01/2026,2026.pdf
Tabasco,Ene,23.2,01/01/2026,2026.pdf
Tamaulipas,Ene,18,01/01/2026,2026.pdf
Tlaxcala,Ene,12.2,01/01/2026,2026.pdf
Veracruz,Ene,18.7,01/01/2026,2026.pdf
Yucatán,Ene,22.7,01/01/2026,2026.pdf
Zacatecas,Ene,13.2,01/01/2026,2026.pdf
Nacional,Ene,17,01/01/2026,2026.pdf
Aguascalientes,Feb,17.2,01/02/2026,2026.pdf
Baja California,Feb,16.5,01/02/2026,2026.pdf
Baja California Sur,Feb,20.8,01/02/2026,2026.pdf
Campeche,Feb,23.4,01/02/2026,2026.pdf
Coahuila,Feb,19.1,01/02/2026,2026.pdf
Colima,Feb,25.8,01/02/2026,2026.pdf
Chiapas,Feb,22.2,01/02/2026,2026.pdf
Chihuahua,Feb,14.7,01/02/2026,2026.pdf
Ciudad de México,Feb,17.5,01/02/2026,2026.pdf
Durango,Feb,16.4,01/02/2026,2026.pdf
Guanajuato,Feb,16.9,01/02/2026,2026.pdf
Guerrero,Feb,24.7,01/02/2026,2026.pdf
Hidalgo,Feb,16.5,01/02/2026,2026.pdf
Jalisco,Feb,20,01/02/2026,2026.pdf
Estado de México,Feb,14.7,01/02/2026,2026.pdf
Michoacán,Feb,19.5,01/02/2026,2026.pdf
Morelos,Feb,21.3,01/02/2026,2026.pdf
Nayarit,Feb,23.7,01/02/2026,2026.pdf
Nuevo León,Feb,20.2,01/02/2026,2026.pdf
Oaxaca,Feb,21.3,01/02/2026,2026.pdf
Puebla,Feb,16.9,01/02/2026,2026.pdf
Querétaro,Feb,18.1,01/02/2026,2026.pdf
Quintana Roo,Feb,23.5,01/02/2026,2026.pdf
San Luis Potosí,Feb,19.7,01/02/2026,2026.pdf
Sinaloa,Feb,22.1,01/02/2026,2026.pdf
Sonora,Feb,19.2,01/02/2026,2026.pdf
Tabasco,Feb,23.7,01/02/2026,2026.pdf
Tamaulipas,Feb,21.2,01/02/2026,2026.pdf
Tlaxcala,Feb,16.1,01/02/2026,2026.pdf
Veracruz,Feb,19.8,01/02/2026,2026.pdf
Yucatán,Feb,23.1,01/02/2026,2026.pdf
Zacatecas,Feb,16.4,01/02/2026,2026.pdf
Nacional,Feb,19.3,01/02/2026,2026.pdf
Aguascalientes,Mar,18.1,01/03/2026,2026.pdf
Baja California,Mar,20.3,01/03/2026,2026.pdf
Baja California Sur,Mar,23.2,01/03/2026,2026.pdf
Campeche,Mar,26.8,01/03/2026,2026.pdf
Coahuila,Mar,22.2,01/03/2026,2026.pdf
Colima,Mar,26.1,01/03/2026,2026.pdf
Chiapas,Mar,25.6,01/03/2026,2026.pdf
Chihuahua,Mar,18.6,01/03/2026,2026.pdf
Ciudad de México,Mar,17.1,01/03/2026,2026.pdf
Durango,Mar,18.7,01/03/2026,2026.pdf
Guanajuato,Mar,18.1,01/03/2026,2026.pdf
Guerrero,Mar,25.7,01/03/2026,2026.pdf
Hidalgo,Mar,17.9,01/03/2026,2026.pdf
Jalisco,Mar,21.4,01/03/2026,2026.pdf
Estado de México,Mar,14.2,01/03/2026,2026.pdf
Michoacán,Mar,20.3,01/03/2026,2026.pdf
Morelos,Mar,23,01/03/2026,2026.pdf
Nayarit,Mar,25,01/03/2026,2026.pdf
Nuevo León,Mar,22.5,01/03/2026,2026.pdf
Oaxaca,Mar,23.7,01/03/2026,2026.pdf
Puebla,Mar,17.5,01/03/2026,2026.pdf
Querétaro,Mar,19,01/03/2026,2026.pdf
Quintana Roo,Mar,26.1,01/03/2026,2026.pdf
San Luis Potosí,Mar,22.6,01/03/2026,2026.pdf
Sinaloa,Mar,25.2,01/03/2026,2026.pdf
Sonora,Mar,22.8,01/03/2026,2026.pdf
Tabasco,Mar,26.7,01/03/2026,2026.pdf
Tamaulipas,Mar,24.6,01/03/2026,2026.pdf
Tlaxcala,Mar,14.4,01/03/2026,2026.pdf
Veracruz,Mar,22,01/03/2026,2026.pdf
Yucatán,Mar,26.3,01/03/2026,2026.pdf
Zacatecas,Mar,17.5,01/03/2026,2026.pdf
Nacional,Mar,21.9,01/03/2026,2026.pdf
Aguascalientes,Abr,21.3,01/04/2026,2026.pdf
Baja California,Abr,18.8,01/04/2026,2026.pdf
Baja California Sur,Abr,24.3,01/04/2026,2026.pdf
Campeche,Abr,28.9,01/04/2026,2026.pdf
Coahuila,Abr,24.4,01/04/2026,2026.pdf
Colima,Abr,27.4,01/04/2026,2026.pdf
Chiapas,Abr,27.2,01/04/2026,2026.pdf
Chihuahua,Abr,20.2,01/04/2026,2026.pdf
Ciudad de México,Abr,19.9,01/04/2026,2026.pdf
Durango,Abr,21.3,01/04/2026,2026.pdf
Guanajuato,Abr,21.5,01/04/2026,2026.pdf
Guerrero,Abr,27.5,01/04/2026,2026.pdf
Hidalgo,Abr,21.1,01/04/2026,2026.pdf
Jalisco,Abr,23.6,01/04/2026,2026.pdf
Estado de México,Abr,16.7,01/04/2026,2026.pdf
Michoacán,Abr,22.3,01/04/2026,2026.pdf
Morelos,Abr,25.3,01/04/2026,2026.pdf
Nayarit,Abr,26.3,01/04/2026,2026.pdf
Nuevo León,Abr,23.5,01/04/2026,2026.pdf
Oaxaca,Abr,25.1,01/04/2026,2026.pdf
Puebla,Abr,19.6,01/04/2026,2026.pdf
Querétaro,Abr,22.6,01/04/2026,2026.pdf
Quintana Roo,Abr,27.3,01/04/2026,2026.pdf
San Luis Potosí,Abr,26,01/04/2026,2026.pdf
Sinaloa,Abr,27.4,01/04/2026,2026.pdf
Sonora,Abr,23.5,01/04/2026,2026.pdf
Tabasco,Abr,28.7,01/04/2026,2026.pdf
Tamaulipas,Abr,26.3,01/04/2026,2026.pdf
Tlaxcala,Abr,17,01/04/2026,2026.pdf
Veracruz,Abr,24.4,01/04/2026,2026.pdf
Yucatán,Abr,27.8,01/04/2026,2026.pdf
Zacatecas,Abr,20.6,01/04/2026,2026.pdf
Nacional,Abr,23.7,01/04/2026,2026.pdf
Aguascalientes,May,22.7,01/05/2026,2026.pdf
Baja California,May,20.3,01/05/2026,2026.pdf
Baja California Sur,May,25.1,01/05/2026,2026.pdf
Campeche,May,31,01/05/2026,2026.pdf
Coahuila,May,26.4,01/05/2026,2026.pdf
Colima,May,28.6,01/05/2026,2026.pdf
Chiapas,May,28.5,01/05/2026,2026.pdf
Chihuahua,May,22.8,01/05/2026,2026.pdf
Ciudad de México,May,20.6,01/05/2026,2026.pdf
Durango,May,23,01/05/2026,2026.pdf
Guanajuato,May,23.1,01/05/2026,2026.pdf
Guerrero,May,28.5,01/05/2026,2026.pdf
Hidalgo,May,22.3,01/05/2026,2026.pdf
Jalisco,May,25.3,01/05/2026,2026.pdf
Estado de México,May,17.6,01/05/2026,2026.pdf
Michoacán,May,23.7,01/05/2026,2026.pdf
Morelos,May,26.4,01/05/2026,2026.pdf
Nayarit,May,28.6,01/05/2026,2026.pdf
Nuevo León,May,25.4,01/05/2026,2026.pdf
Oaxaca,May,27,01/05/2026,2026.pdf
Puebla,May,21.4,01/05/2026,2026.pdf
Querétaro,May,23.7,01/05/2026,2026.pdf
Quintana Roo,May,29.6,01/05/2026,2026.pdf
San Luis Potosí,May,26.6,01/05/2026,2026.pdf
Sinaloa,May,29,01/05/2026,2026.pdf
Sonora,May,25.1,01/05/2026,2026.pdf
Tabasco,May,30.8,01/05/2026,2026.pdf
Tamaulipas,May,28,01/05/2026,2026.pdf
Tlaxcala,May,18.3,01/05/2026,2026.pdf
Veracruz,May,26.5,01/05/2026,2026.pdf
Yucatán,May,30.5,01/05/2026,2026.pdf
Zacatecas,May,22.2,01/05/2026,2026.pdf
Nacional,May,25.4,01/05/2026,2026.pdf
Aguascalientes,Jun,,01/06/2026,2026.pdf
Baja California,Jun,,01/06/2026,2026.pdf
Baja California Sur,Jun,,01/06/2026,2026.pdf
Campeche,Jun,,01/06/2026,2026.pdf
Coahuila,Jun,,01/06/2026,2026.pdf
Colima,Jun,,01/06/2026,2026.pdf
Chiapas,Jun,,01/06/2026,2026.pdf
Chihuahua,Jun,,01/06/2026,2026.pdf
Ciudad de México,Jun,,01/06/2026,2026.pdf
Durango,Jun,,01/06/2026,2026.pdf
Guanajuato,Jun,,01/06/2026,2026.pdf
Guerrero,Jun,,01/06/2026,2026.pdf
Hidalgo,Jun,,01/06/2026,2026.pdf
Jalisco,Jun,,01/06/2026,2026.pdf
Estado de México,Jun,,01/06/2026,2026.pdf
Michoacán,Jun,,01/06/2026,2026.pdf
Morelos,Jun,,01/06/2026,2026.pdf
Nayarit,Jun,,01/06/2026,2026.pdf
Nuevo León,Jun,,01/06/2026,2026.pdf
Oaxaca,Jun,,01/06/2026,2026.pdf
Puebla,Jun,,01/06/2026,2026.pdf
Querétaro,Jun,,01/06/2026,2026.pdf
Quintana Roo,Jun,,01/06/2026,2026.pdf
San Luis Potosí,Jun,,01/06/2026,2026.pdf
Sinaloa,Jun,,01/06/2026,2026.pdf
Sonora,Jun,,01/06/2026,2026.pdf
Tabasco,Jun,,01/06/2026,2026.pdf
Tamaulipas,Jun,,01/06/2026,2026.pdf
Tlaxcala,Jun,,01/06/2026,2026.pdf
Veracruz,Jun,,01/06/2026,2026.pdf
Yucatán,Jun,,01/06/2026,2026.pdf
Zacatecas,Jun,,01/06/2026,2026.pdf
Nacional,Jun,,01/06/2026,2026.pdf
Aguascalientes,Jul,,01/07/2026,2026.pdf
Baja California,Jul,,01/07/2026,2026.pdf
Baja California Sur,Jul,,01/07/2026,2026.pdf
Campeche,Jul,,01/07/2026,2026.pdf
Coahuila,Jul,,01/07/2026,2026.pdf
Colima,Jul,,01/07/2026,2026.pdf
Chiapas,Jul,,01/07/2026,2026.pdf
Chihuahua,Jul,,01/07/2026,2026.pdf
Ciudad de México,Jul,,01/07/2026,2026.pdf
Durango,Jul,,01/07/2026,2026.pdf
Guanajuato,Jul,,01/07/2026,2026.pdf
Guerrero,Jul,,01/07/2026,2026.pdf
Hidalgo,Jul,,01/07/2026,2026.pdf
Jalisco,Jul,,01/07/2026,2026.pdf
Estado de México,Jul,,01/07/2026,2026.pdf
Michoacán,Jul,,01/07/2026,2026.pdf
Morelos,Jul,,01/07/2026,2026.pdf
Nayarit,Jul,,01/07/2026,2026.pdf
Nuevo León,Jul,,01/07/2026,2026.pdf
Oaxaca,Jul,,01/07/2026,2026.pdf
Puebla,Jul,,01/07/2026,2026.pdf
Querétaro,Jul,,01/07/2026,2026.pdf
Quintana Roo,Jul,,01/07/2026,2026.pdf
San Luis Potosí,Jul,,01/07/2026,2026.pdf
Sinaloa,Jul,,01/07/2026,2026.pdf
Sonora,Jul,,01/07/2026,2026.pdf
Tabasco,Jul,,01/07/2026,2026.pdf
Tamaulipas,Jul,,01/07/2026,2026.pdf
Tlaxcala,Jul,,01/07/2026,2026.pdf
Veracruz,Jul,,01/07/2026,2026.pdf
Yucatán,Jul,,01/07/2026,2026.pdf
Zacatecas,Jul,,01/07/2026,2026.pdf
Nacional,Jul,,01/07/2026,2026.pdf
Aguascalientes,Ago,,01/08/2026,2026.pdf
Baja California,Ago,,01/08/2026,2026.pdf
Baja California Sur,Ago,,01/08/2026,2026.pdf
Campeche,Ago,,01/08/2026,2026.pdf
Coahuila,Ago,,01/08/2026,2026.pdf
Colima,Ago,,01/08/2026,2026.pdf
Chiapas,Ago,,01/08/2026,2026.pdf
Chihuahua,Ago,,01/08/2026,2026.pdf
Ciudad de México,Ago,,01/08/2026,2026.pdf
Durango,Ago,,01/08/2026,2026.pdf
Guanajuato,Ago,,01/08/2026,2026.pdf
Guerrero,Ago,,01/08/2026,2026.pdf
Hidalgo,Ago,,01/08/2026,2026.pdf
Jalisco,Ago,,01/08/2026,2026.pdf
Estado de México,Ago,,01/08/2026,2026.pdf
Michoacán,Ago,,01/08/2026,2026.pdf
Morelos,Ago,,01/08/2026,2026.pdf
Nayarit,Ago,,01/08/2026,2026.pdf
Nuevo León,Ago,,01/08/2026,2026.pdf
Oaxaca,Ago,,01/08/2026,2026.pdf
Puebla,Ago,,01/08/2026,2026.pdf
Querétaro,Ago,,01/08/2026,2026.pdf
Quintana Roo,Ago,,01/08/2026,2026.pdf
San Luis Potosí,Ago,,01/08/2026,2026.pdf
Sinaloa,Ago,,01/08/2026,2026.pdf
Sonora,Ago,,01/08/2026,2026.pdf
Tabasco,Ago,,01/08/2026,2026.pdf
Tamaulipas,Ago,,01/08/2026,2026.pdf
Tlaxcala,Ago,,01/08/2026,2026.pdf
Veracruz,Ago,,01/08/2026,2026.pdf
Yucatán,Ago,,01/08/2026,2026.pdf
Zacatecas,Ago,,01/08/2026,2026.pdf
Nacional,Ago,,01/08/2026,2026.pdf
Aguascalientes,Sep,,01/09/2026,2026.pdf
Baja California,Sep,,01/09/2026,2026.pdf
Baja California Sur,Sep,,01/09/2026,2026.pdf
Campeche,Sep,,01/09/2026,2026.pdf
Coahuila,Sep,,01/09/2026,2026.pdf
Colima,Sep,,01/09/2026,2026.pdf
Chiapas,Sep,,01/09/2026,2026.pdf
Chihuahua,Sep,,01/09/2026,2026.pdf
Ciudad de México,Sep,,01/09/2026,2026.pdf
Durango,Sep,,01/09/2026,2026.pdf
Guanajuato,Sep,,01/09/2026,2026.pdf
Guerrero,Sep,,01/09/2026,2026.pdf
Hidalgo,Sep,,01/09/2026,2026.pdf
Jalisco,Sep,,01/09/2026,2026.pdf
Estado de México,Sep,,01/09/2026,2026.pdf
Michoacán,Sep,,01/09/2026,2026.pdf
Morelos,Sep,,01/09/2026,2026.pdf
Nayarit,Sep,,01/09/2026,2026.pdf
Nuevo León,Sep,,01/09/2026,2026.pdf
Oaxaca,Sep,,01/09/2026,2026.pdf
Puebla,Sep,,01/09/2026,2026.pdf
Querétaro,Sep,,01/09/2026,2026.pdf
Quintana Roo,Sep,,01/09/2026,2026.pdf
San Luis Potosí,Sep,,01/09/2026,2026.pdf
Sinaloa,Sep,,01/09/2026,2026.pdf
Sonora,Sep,,01/09/2026,2026.pdf
Tabasco,Sep,,01/09/2026,2026.pdf
Tamaulipas,Sep,,01/09/2026,2026.pdf
Tlaxcala,Sep,,01/09/2026,2026.pdf
Veracruz,Sep,,01/09/2026,2026.pdf
Yucatán,Sep,,01/09/2026,2026.pdf
Zacatecas,Sep,,01/09/2026,2026.pdf
Nacional,Sep,,01/09/2026,2026.pdf
Aguascalientes,Oct,,01/10/2026,2026.pdf
Baja California,Oct,,01/10/2026,2026.pdf
Baja California Sur,Oct,,01/10/2026,2026.pdf
Campeche,Oct,,01/10/2026,2026.pdf
Coahuila,Oct,,01/10/2026,2026.pdf
Colima,Oct,,01/10/2026,2026.pdf
Chiapas,Oct,,01/10/2026,2026.pdf
Chihuahua,Oct,,01/10/2026,2026.pdf
Ciudad de México,Oct,,01/10/2026,2026.pdf
Durango,Oct,,01/10/2026,2026.pdf
Guanajuato,Oct,,01/10/2026,2026.pdf
Guerrero,Oct,,01/10/2026,2026.pdf
Hidalgo,Oct,,01/10/2026,2026.pdf
Jalisco,Oct,,01/10/2026,2026.pdf
Estado de México,Oct,,01/10/2026,2026.pdf
Michoacán,Oct,,01/10/2026,2026.pdf
Morelos,Oct,,01/10/2026,2026.pdf
Nayarit,Oct,,01/10/2026,2026.pdf
Nuevo León,Oct,,01/10/2026,2026.pdf
Oaxaca,Oct,,01/10/2026,2026.pdf
Puebla,Oct,,01/10/2026,2026.pdf
Querétaro,Oct,,01/10/2026,2026.pdf
Quintana Roo,Oct,,01/10/2026,2026.pdf
San Luis Potosí,Oct,,01/10/2026,2026.pdf
Sinaloa,Oct,,01/10/2026,2026.pdf
Sonora,Oct,,01/10/2026,2026.pdf
Tabasco,Oct,,01/10/2026,2026.pdf
Tamaulipas,Oct,,01/10/2026,2026.pdf
Tlaxcala,Oct,,01/10/2026,2026.pdf
Veracruz,Oct,,01/10/2026,2026.pdf
Yucatán,Oct,,01/10/2026,2026.pdf
Zacatecas,Oct,,01/10/2026,2026.pdf
Nacional,Oct,,01/10/2026,2026.pdf
Aguascalientes,Nov,,01/11/2026,2026.pdf
Baja California,Nov,,01/11/2026,2026.pdf
Baja California Sur,Nov,,01/11/2026,2026.pdf
Campeche,Nov,,01/11/2026,2026.pdf
Coahuila,Nov,,01/11/2026,2026.pdf
Colima,Nov,,01/11/2026,2026.pdf
Chiapas,Nov,,01/11/2026,2026.pdf
Chihuahua,Nov,,01/11/2026,2026.pdf
Ciudad de México,Nov,,01/11/2026,2026.pdf
Durango,Nov,,01/11/2026,2026.pdf
Guanajuato,Nov,,01/11/2026,2026.pdf
Guerrero,Nov,,01/11/2026,2026.pdf
Hidalgo,Nov,,01/11/2026,2026.pdf
Jalisco,Nov,,01/11/2026,2026.pdf
Estado de México,Nov,,01/11/2026,2026.pdf
Michoacán,Nov,,01/11/2026,2026.pdf
Morelos,Nov,,01/11/2026,2026.pdf
Nayarit,Nov,,01/11/2026,2026.pdf
Nuevo León,Nov,,01/11/2026,2026.pdf
Oaxaca,Nov,,01/11/2026,2026.pdf
Puebla,Nov,,01/11/2026,2026.pdf
Querétaro,Nov,,01/11/2026,2026.pdf
Quintana Roo,Nov,,01/11/2026,2026.pdf
San Luis Potosí,Nov,,01/11/2026,2026.pdf
Sinaloa,Nov,,01/11/2026,2026.pdf
Sonora,Nov,,01/11/2026,2026.pdf
Tabasco,Nov,,01/11/2026,2026.pdf
Tamaulipas,Nov,,01/11/2026,2026.pdf
Tlaxcala,Nov,,01/11/2026,2026.pdf
Veracruz,Nov,,01/11/2026,2026.pdf
Yucatán,Nov,,01/11/2026,2026.pdf
Zacatecas,Nov,,01/11/2026,2026.pdf
Nacional,Nov,,01/11/2026,2026.pdf
Aguascalientes,Dic,,01/12/2026,2026.pdf
Baja California,Dic,,01/12/2026,2026.pdf
Baja California Sur,Dic,,01/12/2026,2026.pdf
Campeche,Dic,,01/12/2026,2026.pdf
Coahuila,Dic,,01/12/2026,2026.pdf
Colima,Dic,,01/12/2026,2026.pdf
Chiapas,Dic,,01/12/2026,2026.pdf
Chihuahua,Dic,,01/12/2026,2026.pdf
Ciudad de México,Dic,,01/12/2026,2026.pdf
Durango,Dic,,01/12/2026,2026.pdf
Guanajuato,Dic,,01/12/2026,2026.pdf
Guerrero,Dic,,01/12/2026,2026.pdf
Hidalgo,Dic,,01/12/2026,2026.pdf
Jalisco,Dic,,01/12/2026,2026.pdf
Estado de México,Dic,,01/12/2026,2026.pdf
Michoacán,Dic,,01/12/2026,2026.pdf
Morelos,Dic,,01/12/2026,2026.pdf
Nayarit,Dic,,01/12/2026,2026.pdf
Nuevo León,Dic,,01/12/2026,2026.pdf
Oaxaca,Dic,,01/12/2026,2026.pdf
Puebla,Dic,,01/12/2026,2026.pdf
Querétaro,Dic,,01/12/2026,2026.pdf
Quintana Roo,Dic,,01/12/2026,2026.pdf
San Luis Potosí,Dic,,01/12/2026,2026.pdf
Sinaloa,Dic,,01/12/2026,2026.pdf
Sonora,Dic,,01/12/2026,2026.pdf
Tabasco,Dic,,01/12/2026,2026.pdf
Tamaulipas,Dic,,01/12/2026,2026.pdf
Tlaxcala,Dic,,01/12/2026,2026.pdf
Veracruz,Dic,,01/12/2026,2026.pdf
Yucatán,Dic,,01/12/2026,2026.pdf
Zacatecas,Dic,,01/12/2026,2026.pdf
Nacional,Dic,,01/12/2026,2026.pdf
