descripcion_normalizada,insumo_id,aprobado,decision,evidencia
1/4 DE PLANCHA,,False,revisar,
15-14-CHS,,False,revisar,
150 CAPACILLOS,,False,revisar,
2 PAQ INIX CONTENEDOR MANTECADA 25 PZ,,False,revisar,
2 PAQ NESTLE CARLOS V STICK 20 PZ,,False,revisar,
30*30*30,,False,revisar,
31*31*20,,False,revisar,
32*32*30,,False,revisar,
40 CAPACILLOS,,False,revisar,
9 COLORES,,False,revisar,
AC AU800,,False,revisar,
ACEITE,,False,revisar,
ACEITE AURRERA 800,,False,revisar,
ALAMBRE,,False,revisar,
ALEGRIA CAPACILLO BCO DOTS COLORES 100PZ,,False,revisar,
ALEGRIA CAPACILLO GOLOSINAS,,False,revisar,
ALEGRIA CAPACILLO GOLOSINAS 100 PZ,,False,revisar,
ALEGRIA CAPACILLO MET DORADO 50 PZ,,False,revisar,
ALEGRIA CAPACILLO MORADO 100 PZ,,False,revisar,
ALEGRIA CAPACILLO POLKA NEGRO 100 PZ,,False,revisar,
ALEGRIA CAPACILLO VELITAS CUMPL 100 PZ,,False,revisar,
ALPEZZI 14000,,False,revisar,
ALPEZZI BLANCO,,False,revisar,
ALPEZZI BLANCO 500 G,,False,revisar,
ALPEZZI CHIPS BLANCO,,False,revisar,
ALPEZZI CHIPS BLANCO 500 GR,,False,revisar,
ALPURA MED,,False,revisar,
AMBIANTE,,False,revisar,
AU AZUCAR,,False,revisar,
AU HUEVO 1,,False,revisar,
AVELLANA,,False,revisar,
AZUCAR,,False,revisar,
AZUCAR ESTANDAR,,False,revisar,
AZUCAR GLASS,,False,revisar,
AZUCAR GLASS DE PRIME,,False,revisar,
AZUCAR GLASS DE PRIMERA,,False,revisar,
AZUCZULKA,,False,revisar,
BAILEY'S,,False,revisar,
BASE,,False,revisar,
BASE 16,,False,revisar,
BASE 25 CM DOBLE,,False,revisar,
BASE 25 X 35,,False,revisar,
BASE 25X35,,False,revisar,
BASE 26 CM,,False,revisar,
BASE 28,,False,revisar,
BASE 28 CM,,False,revisar,
BASE 28 CM DOBLE,,False,revisar,
BASE 28 DOBLE,,False,revisar,
BASE 28CM,,False,revisar,
BASE 30 CM,,False,revisar,
BASE 32,,False,revisar,
BASE 32CM DOBLE,,False,revisar,
BASE 33 X 33,,False,revisar,
BASE 33X3,,False,revisar,
BASE 33X33,,False,revisar,
BASE 36 DOBLE,,False,revisar,
BASE 36CM DOBLE,,False,revisar,
BASE 40 CM DOBLE,,False,revisar,
BASE D LISTON,,False,revisar,
BASE DE LISTON,,False,revisar,
BASE DE LISTON #26,,False,revisar,
BASE DOBLE 28,,False,revisar,
BASE DOBLE 32 CM,,False,revisar,
BASE DOBLE LISTON NEGRA 36CM,,False,revisar,
BASE DORADA PASTELOSO 28 CM,,False,revisar,
BASE DORADA PASTELOSO 30CM,,False,revisar,
BASE DORADA PASTELOSO 32CM,,False,revisar,
BASE DORADA PASTELOSO 46X66 CM,,False,revisar,
BASE EXTRAFUERTE 20 CM C/ BLONDA,,False,revisar,
BASE FANSASIA PASTELOSO 28 CM,,False,revisar,
BASE FANTASIA PASTELOSO 28CM,,False,revisar,
BASE FANTASIA PASTELOSO 36 CM,,False,revisar,
BASE PLATEADA PASTELOSO 18 CM,,False,revisar,
BASE PLATEADA PASTELOSO 30 CM,,False,revisar,
BASE PLATEADA PASTELOSO 30CM,,False,revisar,
BASE PLATEADA PASTELOSO 35X47CM,,False,revisar,
BASES 28 CM,,False,revisar,
BASES PARA PASTEL 28,,False,revisar,
BASES PARA PASTEL 30,,False,revisar,
BISAGRA 12 CUPCAKES,,False,revisar,
BOLAS DE POM POM,,False,revisar,
BOLILLO,,False,revisar,
BOLLO PAPA,,False,revisar,
BOLSA,,False,revisar,
BOLSA 10X15,,False,revisar,
BOLSA DE CELOFAN,,False,revisar,
BOLSA G,,False,revisar,
BOLSA JUMBO,,False,revisar,
BONDI MEGA WEBO LATE DISTROLLER,,False,revisar,
BOTELLAS JACK DANIELS,,False,revisar,
BOWL MEZCL,,False,revisar,
BRILLO ESTRELLA,,False,revisar,
BROCHETA BAMBCO 30 CM,,False,revisar,
CACAHUATE ESPANOL,,False,revisar,
CACAO BREMEN,,False,revisar,
CAJA 12 CUPCAKES,,False,revisar,
CAJA 17X11X3,,False,revisar,
CAJA 6 CUPCAKES,,False,revisar,
CAJA ACETATO,,False,revisar,
CAJA ACETATO 17X11X13,,False,revisar,
CAJA CON 12 CAVIDADES,,False,revisar,
CAJA CUPCAKE 2 CAV,,False,revisar,
CAJA CUPCAKE 6 CAV,,False,revisar,
CAJA CUPCAKE BLANCA 6 CAV,,False,revisar,
CAJA CUPCAKES 12,,False,revisar,
CAJA CUPCAKES 6,,False,revisar,
CAJA DE ACETATO 17X11X3,,False,revisar,
CAJA DE ACETATO CORAZON CHICO,,False,revisar,
CAJA DE CARTON PARA CUPCAKE 6 PIEZAS,,False,revisar,
CAJA DE CUPCAKE,,False,revisar,
CAJA IC,,False,revisar,
CAJA PARA CUPCAKE,,False,revisar,
CAJA PARA CUPCAKE 12 PIEZAS,,False,revisar,
CAJA PARA CUPCAKE 6 PZ,,False,revisar,
CAJA PARA CUPCAKE DE 12 PZ,,False,revisar,
CAJA PARA CUPCAKES,,False,revisar,
CAJAS,,False,revisar,
CAJAS CUPCAKES 12 C,,False,revisar,
CAJAS CUPCAKES 6 PIEZAS,,False,revisar,
CAJITA MINI,,False,revisar,
CAKETOPPER,,False,revisar,
CAKETOPPER HAPPY BIRTHDAY TX,,False,revisar,
CAKETOPPER HARRY POTTER,,False,revisar,
CALAHUA CO,,False,revisar,
CALAHUA CRE,,False,revisar,
CANISTER,,False,revisar,
CAPACILLO 72,,False,revisar,
CAPACILLO BLANCO MINI CORAZONES,,False,revisar,
CAPACILLO DORADO,,False,revisar,
CAPACILLO FLOREADO ALEGRIA,,False,revisar,
CAPACILLO METALICO VENCORT,,False,revisar,
CAPACILLO NAVIDAD,,False,revisar,
CAPACILLO NO. 4 DECORADO 50 PZ,,False,revisar,
CAPACILLO NO. 69 DECORADO 40 PZ,,False,revisar,
CAPACILLO NO. 72 DECORADO 25 PZ,,False,revisar,
CAPACILLO PARTY COLOR ALEGRIA,,False,revisar,
CAPACILLO VERDE PUNTOS ALEGRIA,,False,revisar,
CAPACILLOS,,False,revisar,
CAPACILLOS #4 TUBO,,False,revisar,
CAPACILLOS #72,,False,revisar,
CAPACILLOS #73,,False,revisar,
CAPACILLOS A GRANEL,,False,revisar,
CAPACILLOS BLANCO HOLLIDAYS,,False,revisar,
CARBOXIMETIL CELULOSA DEIMAN,,False,revisar,
CARLOS V,,False,revisar,
CARLOS V 8 PZ,,False,revisar,
CARLOS V STK,,False,revisar,
CARNATION,,False,revisar,
CELOFAN 12X13,,False,revisar,
CELOFAN 12X18 SELLO,,False,revisar,
CELOFAN 6X25 100 PZ,,False,revisar,
CELOFAN 8X12,,False,revisar,
CELOFAN 9X12 100 PZ,,False,revisar,
CELOFAN 9X15,,False,revisar,
CEREZA CON RABO DIANA,,False,revisar,
CEREZAS,,False,revisar,
CHANT DULL,,False,revisar,
CHANTILLI,,False,revisar,
CHANTILLI 5KG,,False,revisar,
CHANTILLI ASTURIAS,,False,revisar,
CHANTILLI DULL,,False,revisar,
CHANTILLY,,False,revisar,
CHANTILLY 5 KG ASTURIAS,,False,revisar,
CHANTILLY DULCE,,False,revisar,
CHAROLA GALLETERA ALTA GRANDE,,False,revisar,
CHAROLAS,,False,revisar,
CHIPS AMARILLO ALPEZZI C/500 GR,,False,revisar,
CHIPS BLANCO ALPEZI C/500 G,,False,revisar,
CHIPS BLANCO ALPEZZI,,False,revisar,
CHIPS BLANCO ALPEZZI 500 G,,False,revisar,
CHIPS BLANCO ALPEZZI C/ 500 G,,False,revisar,
CHIPS BLANCO APLEZZI C/ 500G,,False,revisar,
CHIPS CHOCOLATE CON L,,False,revisar,
CHIPS CHOCOLATE SEMI,,False,revisar,
CHIPS LINEA HORNEAS A,,False,revisar,
CHIPS NEGRO ALPEZZI C/500G,,False,revisar,
CHIPS ROJO ALPEZZI C/,,False,revisar,
CHIPS ROJO ALPEZZI C/ 500 G,,False,revisar,
CHIPS ROJO ALPEZZI C/500G,,False,revisar,
CHIPS ROSA ALPEZZI C/500G,,False,revisar,
CHIPS SABOR CHOCOLATE SEMIAMARGO,,False,revisar,
CHOCOLATE,,False,revisar,
CHOCOLATE BLANCO SICA,,False,revisar,
CHOCOLATE CARLOS V,,False,revisar,
CHOCOLATE COVERLUX BLANCO PURATOS,,False,revisar,
CHOCOLATE HERSHEY'S,,False,revisar,
CL CORTA U,,False,revisar,
COCOA EN POLVO ALPES,,False,revisar,
COCOA HERSHEY'S C 1KG,,False,revisar,
COFIA,,False,revisar,
COLOR AZUL BRILLANTE ENCO,,False,revisar,
COLOR GEL NEGRO,,False,revisar,
COLOR HUMEDO,,False,revisar,
COLOR LIQUIDO SURTIDO,,False,revisar,
COLOR MORADO ENCO 40G,,False,revisar,
COLOR NEGRO ENCO 40G,,False,revisar,
COLOR ROJO ENCO 40G,,False,revisar,
COLOR ROSA BRILLANTE ENCO 40G,,False,revisar,
COMISION COBRO CON TARJEA,,False,revisar,
CONEJO MEDIANO,,False,revisar,
CONFETI,,False,revisar,
CONFITER SEMI AMARGO,,False,revisar,
CONFITERIA,,False,revisar,
CONFITIER AMARGO 70%,,False,revisar,
CONFITIER BLANCO TURIN,,False,revisar,
CONFITIER CHOCOLATE SEMIAMARGO TU,,False,revisar,
CONFITIER CHOCOLATE SEMIAMARGO TURIN,,False,revisar,
CONFITIER LECHE TURIN,,False,revisar,
CONFITIER SEMIAMARGO TURIN,,False,revisar,
CONTENEDOR,,False,revisar,
CORAZON CHICO,,False,revisar,
CORTADOR,,False,revisar,
CORTADOR DE PASTEL,,False,revisar,
CORTADORES,,False,revisar,
"CORTADORES, MOLDES Y DUYAS",,False,revisar,
CORTAGALLETAS,,False,revisar,
CREAM CHEESE FILLING PURATOS,,False,revisar,
CREMA BATIDA CHANTILLI ASTURIAS,,False,revisar,
CREMA CACAHUATE SUELTA,,False,revisar,
CREMA PARA BATIR AMBIANTE 1 LT,,False,revisar,
CREMA PASTELERA COCO,,False,revisar,
CREMA TIPO CHANTILLI,,False,revisar,
CREMAS,,False,revisar,
CREMFIL CREAM CHEESE FILLING PURATOS,,False,revisar,
CUBREBOCA TRICAPA NEGRO Y DE,,False,revisar,
CUPCAKE 12,,False,revisar,
CUPCAKE 6,,False,revisar,
CUPCAKES DE 6 CAV,,False,revisar,
DE ABEJA,,False,revisar,
DEIMAN ADITIVO PARA CHOCOLATE,,False,revisar,
DEIMAN BIOXIDO DE TITANIO,,False,revisar,
DEIMAN PLUMONES MAGICOS,,False,revisar,
DEIMAN SAB LIQ VAINILLA SIN COLOR 500 ML,,False,revisar,
DESCONOCIDO,,False,revisar,
DIAMANTINA,,False,revisar,
DIFERENCIA CONTRA LO COBRADO,,False,revisar,
DISCO DORADO PASTELOSO 32 CM,,False,revisar,
DJANA CEREZA C/ TALLO 460G,,False,revisar,
DLR MALV C/ CHOCOLATE 32 PZ,,False,revisar,
DLR MALV C/CHOCOLATE 32 PZ,,False,revisar,
DLR MALV C/CHOCOLATE 50 PZ,,False,revisar,
DMONTE ELOTE,,False,revisar,
DOLCA,,False,revisar,
DOMO,,False,revisar,
DOMO 1/2 DE PLANCHA INIX,,False,revisar,
DOMO 1/2 PLANCHA INI,,False,revisar,
DOMO 1/4 PLANCHA,,False,revisar,
DOMO 12,,False,revisar,
DOMO 15-14,,False,revisar,
DOMO 28 CM INIX MEDIA,,False,revisar,
DOMO 4 MAN,,False,revisar,
DOMO 6 CUPCAKES,,False,revisar,
DOMO ALTO 33 CM INIX,,False,revisar,
DOMO DB09 27 CM WOW,,False,revisar,
DOMO DB3525A,,False,revisar,
DOMO DF12A 34CM WOW,,False,revisar,
DOMO ERA 2416-10M,,False,revisar,
DOMO GRANDE,,False,revisar,
DOMO MANTECADA 12 CAVIDADES,,False,revisar,
DOMO MANTECADA 6 CAVIDADES,,False,revisar,
DOMO PARA CUPCAKE,,False,revisar,
DOMO PARA CUPCAKE 12 PIEZAS,,False,revisar,
DOMO PARA CUPCAKE 6 PIEZAS,,False,revisar,
DOMO PARA CUPCAKES,,False,revisar,
DOMO RIGIDO 35-25 INIX,,False,revisar,
DURAZNO EN ALMIBAR NA,,False,revisar,
DURAZNO MITADES EN ALMIBAR 820G,,False,revisar,
DUYA,,False,revisar,
DUYA ALUMINIO REPO NO. 70,,False,revisar,
DUYA PASTO CHICA,,False,revisar,
EASY PASTEL TRES LECHES,,False,revisar,
EASY PASTEL TRES LECHES VAINILLA,,False,revisar,
ENCAJE,,False,revisar,
ENTREPISO,,False,revisar,
ENTREPISO 34 CM,,False,revisar,
ENTREPISO TETRAPACK,,False,revisar,
ENTREPISOS,,False,revisar,
ENVIO,,False,revisar,
ES,,False,revisar,
ESCENCIA MENTA,,False,revisar,
ESCENCIA ROMPOPE,,False,revisar,
ESPATULA,,False,revisar,
ESPATULA PARA LEVANTAR PASTEL,,False,revisar,
"ESPATULA, REBANADOR DE PASTEL, MOLDES, PIPETILLAS, MANDIL, AGUJA PRUEBA DE PASTEL",,False,revisar,
ESPATULAS,,False,revisar,
ESTRELLA COLORES,,False,revisar,
ESTRELLAS,,False,revisar,
ESTRUCTURA,,False,revisar,
EVAPORADA,,False,revisar,
EXTRUDE,,False,revisar,
FECULA DE MAIZ,,False,revisar,
FENIX CUCHARA PASTELERA 50 PZ,,False,revisar,
FERRERO,,False,revisar,
FERRERO ROCHER,,False,revisar,
FERRERO ROCHER T-10,,False,revisar,
FERRERO ROCHER T-16,,False,revisar,
FIORENTINA MANGA NO 12 10 PZ,,False,revisar,
FOAMI CON DIAMANTINA CARTA,,False,revisar,
FONDANT SABOR NATA COCO BLANCO,,False,revisar,
FOUNDANT,,False,revisar,
FOUNDANT SABOR NATA COCO BLANCO,,False,revisar,
GALLETA,,False,revisar,
GALLETA OREO,,False,revisar,
GALLETA OREO BASE,,False,revisar,
GALLETA OREO RELLENO,,False,revisar,
GALLETA OREO SUELTA,,False,revisar,
GAS LP,,False,revisar,
GASOLINA,,False,revisar,
GASOLINA (APROX),,False,revisar,
GLORIA MAN,,False,revisar,
GOMA ARO DURAZNO LUCK,,False,revisar,
GOMA ARO MANZANA LUCKY GUMMYS,,False,revisar,
GOMA RICOLINO,,False,revisar,
GRANILLO ALPESSI COLO,,False,revisar,
GRANILLO CHICO,,False,revisar,
GRANILLO CHOCOLATE COMBINADO TURIN,,False,revisar,
GRANILLO CHOCOLATE SEMIAMARGO,,False,revisar,
GRANILLO MAGIC COLORS - VARIOS,,False,revisar,
GRANILLO MAGIC SPARKL,,False,revisar,
GRANILLO T.S,,False,revisar,
GRANILLO TURIN,,False,revisar,
GRANILLO TURIN BLANCO,,False,revisar,
GRANILLO TURIN LECHE,,False,revisar,
GRANILLO TURIN SEMI AMARGO,,False,revisar,
GUANTE ESTERIL-PAR (LATEX),,False,revisar,
GV A 10W L,,False,revisar,
GV AZUCAR,,False,revisar,
GV BARQ CH,,False,revisar,
GV DURAZNO,,False,revisar,
GV GLASS,,False,revisar,
H. VAINILLA 3L,,False,revisar,
HARINA,,False,revisar,
HARINA DE TRIGO,,False,revisar,
HARINA DE TRIGO SUELTA,,False,revisar,
HARINA PINA COLADA ESPIGA MIX,,False,revisar,
HARINA RED VELVET ESP,,False,revisar,
HARINA SELECTA,,False,revisar,
HARINA TRI,,False,revisar,
HARINA TRIGO,,False,revisar,
HOJA COMESTIBLE DE ORO (COLORES),,False,revisar,
HOJA DE ARROZ GRUESA,,False,revisar,
HOJAS DE ARROZ,,False,revisar,
HUE12PZCR,,False,revisar,
HUE1PZSAN,,False,revisar,
HUEVO,,False,revisar,
HUEVO AURRERA,,False,revisar,
HUEVO BLANCO,,False,revisar,
HUEVO BLANCO LOS ALTOS KILO,,False,revisar,
HUEVO BLANCO PZ,,False,revisar,
HUEVO BLANCO SAN JUAN,,False,revisar,
HUEVO BLANCO TEPA DE LINEA,,False,revisar,
HUEVO BLANCO TEPA KILO,,False,revisar,
HUEVO CALVARIO,,False,revisar,
HUEVO CRESTA ROJ,,False,revisar,
HUEVO SAN JUAN,,False,revisar,
IBERIA,,False,revisar,
IBERIA 200,,False,revisar,
IBERIA 90,,False,revisar,
ILEGIBLE (GLATEA),,False,revisar,
ILEGIBLE (ROODS),,False,revisar,
INCA MANTE,,False,revisar,
INIX CONTENEDOR HAM TRANS 14X14 25 PZ,,False,revisar,
INIX CONTENEDOR MANTECADAS,,False,revisar,
INIX CONTENEDOR MANTECADAS 25 PZ,,False,revisar,
INIX CONTENEDOR MULTIUSOS 25 PZ,,False,revisar,
JARABE TRES LECHES DULCERITO PURATOS,,False,revisar,
JUMEX COCO,,False,revisar,
KISS ALMENDRA,,False,revisar,
KISS LECHE,,False,revisar,
KISS ROSA,,False,revisar,
KISSES,,False,revisar,
KISSES LECHE,,False,revisar,
KISSES LECHE CHOC BL 807 GR,,False,revisar,
KISSES PLATEADOS,,False,revisar,
KISSES ROJO,,False,revisar,
KIT KAT 9 PZ,,False,revisar,
KRAFT PARME,,False,revisar,
LECHERA,,False,revisar,
LECHERA SUELTA,,False,revisar,
LETRERO,,False,revisar,
LISTON BOLAS DIF,,False,revisar,
LOCKER DESPENSERO CHOCOLATE,,False,revisar,
LONA DE 80X180 CM,,False,revisar,
LUNETA,,False,revisar,
LUNETA M&M'S GRANDE,,False,revisar,
LUNETA MINI M&M'S,,False,revisar,
MAIZENA160,,False,revisar,
MALV C/ CHOCOLATE 32 PZ COD,,False,revisar,
MANGA CHICA,,False,revisar,
MANGA DESECHABLE CHICA,,False,revisar,
MANGA FRESA PURA,,False,revisar,
MANGA N.12,,False,revisar,
MANGA P/ DECORAR COLOR VERDE ALEGR,,False,revisar,
MANGA PARA DECORAR COLOR VERDE,,False,revisar,
MANGAS,,False,revisar,
MANGAS CHICAS,,False,revisar,
MANTECA,,False,revisar,
MANTEQUILLA 1 KG GLORIA VERDE,,False,revisar,
MANTEQUILLA 225 G,,False,revisar,
MANTEQUILLA 225 G GLORIA,,False,revisar,
MANTEQUILLA 225GR GLORIA,,False,revisar,
MANTEQUILLA GLORIA,,False,revisar,
MANTEQUILLA GLORIA 22,,False,revisar,
MANTEQUILLA GLORIA VERDE,,False,revisar,
MANTEQUILLA SIN SAL,,False,revisar,
MARG245G,,False,revisar,
MARG245GR,,False,revisar,
MARIAN SURTIDO NAVIDENO 340G,,False,revisar,
MARIASDOR,,False,revisar,
MARS M&M MINI VIT 215.6G,,False,revisar,
MATIZADOR,,False,revisar,
MCADES DE SILICON,,False,revisar,
MINI M&M'S,,False,revisar,
MINICACAHUATE,,False,revisar,
MOLDE,,False,revisar,
MOLDE ACETATO,,False,revisar,
MOLDE CUPCAKE (6 PZ),,False,revisar,
MOLDE DE SILICON,,False,revisar,
MOLDE DE SILICON GIRASOL,,False,revisar,
MOLDE F 16,,False,revisar,
MOLDE F 16CM,,False,revisar,
MOLDE F 18,,False,revisar,
MOLDE F 22CM,,False,revisar,
MOLDE F 28CM,,False,revisar,
MOLDE F#18,,False,revisar,
MOLDE PARA CHOCOLATE,,False,revisar,
MOLDE PARA PASTEL,,False,revisar,
MOLDE R22,,False,revisar,
MR PLAYERA,,False,revisar,
ND,,False,revisar,
NESCAFE 4,,False,revisar,
NESTLE BOTA FELICES FIESTAS,,False,revisar,
NESTLE CARLOS V STICK 20 PZ,,False,revisar,
NIDO F 120,,False,revisar,
NIDO FORTI,,False,revisar,
NUEZ,,False,revisar,
NUEZ GRANILLO,,False,revisar,
NUEZ PEDAZO,,False,revisar,
NUTELLA,,False,revisar,
NUTELLA 1 KG,,False,revisar,
NUTELLA 650G,,False,revisar,
NUTELLA CHICA 350 GRS,,False,revisar,
NUTELLA FRASCO 950 G,,False,revisar,
NUTELLA GRANDE 650 GR,,False,revisar,
OBLEA ARROZ,,False,revisar,
OREO,,False,revisar,
OREO 273.6,,False,revisar,
OREO CHARO,,False,revisar,
OREO ECONOPACK,,False,revisar,
OREO FUDGE,,False,revisar,
OREO VAINILLA,,False,revisar,
PALO PARA BROCHETA,,False,revisar,
PANERA 16CM,,False,revisar,
PAPEL ENCERADO,,False,revisar,
PAPEL ESTRELLA PLIEGO,,False,revisar,
PAPEL PELICULA 150M META FILM,,False,revisar,
PAPEL QUILON PARA HORNEAR,,False,revisar,
PAQUETE PALITOS PARA PALETAS,,False,revisar,
PARA 12 CUPCAKES,,False,revisar,
PASA GRANDE CHILENA,,False,revisar,
PASTEL ALTO,,False,revisar,
PASTIREAL MANGA NO. 12,,False,revisar,
PEAJE,,False,revisar,
PEGAMENTO DE FONDANT,,False,revisar,
PEGAMENTO PARA FONDANT 30 ML,,False,revisar,
"PEGATINAS, MOLDES, REJILLA, DUYA",,False,revisar,
PELICULA 150,,False,revisar,
PERLA,,False,revisar,
PERLA COLORES,,False,revisar,
PERLA NEON Y CONFETI MA BAKER,,False,revisar,
PERLA PLATEADA,,False,revisar,
PERLAS,,False,revisar,
PERLAS Y GRANILLO DIAMANTADO MA B,,False,revisar,
PERLITAS,,False,revisar,
PHILADELPHIA QSO,,False,revisar,
PHILLY QSO,,False,revisar,
PINCEL,,False,revisar,
PINCELES,,False,revisar,
PINZAS,,False,revisar,
"PIPETILLAS, BALANZA ELECTRONICA, TEMPORIZADOR, MOLDE DE PRENSA",,False,revisar,
PLATANITOS,,False,revisar,
PLATO RIGIDO NEGRO RE,,False,revisar,
PORTA,,False,revisar,
PRO 2 PACK,,False,revisar,
PURATOS CHOCOLATE,,False,revisar,
PURATOS CREAMFIL CREME CHOCO,,False,revisar,
PURATOS FRUITFIL FRESA 1 KG,,False,revisar,
PURATOS FRUITFIL ZARZAMORA 1 KG,,False,revisar,
PURATOS SATIN,,False,revisar,
PURATOS TRES LECHES,,False,revisar,
PURATOS TRES LECHES VAINILLA,,False,revisar,
PURATOS VAINILLA,,False,revisar,
QSOCREMAPHILADE 200G,,False,revisar,
QUESO CREMA SUELTO,,False,revisar,
QUESO PHILADELPHIA,,False,revisar,
QUESO PHILADELPHIA 190G,,False,revisar,
RASPA,,False,revisar,
REBANADAS DE PINA EN ALMIBAR 800G,,False,revisar,
RED VELVET,,False,revisar,
RELLENO COCO,,False,revisar,
RELLENO DE BAILEYS,,False,revisar,
RELLENO DURAZNO PURATOS,,False,revisar,
RELLENO FRESA FRUTIFIL PURATOS,,False,revisar,
RELLENO FRESA FRUTIFRU,,False,revisar,
RELLENO QUESO CREME P,,False,revisar,
RELLENO ZARZAMORA FRUITFILL PURAT,,False,revisar,
RELLENO ZARZAMORA PURATOS,,False,revisar,
REMOVEDOR,,False,revisar,
REMOVEDOR 15,,False,revisar,
"REYMA TAPA N.10, 50 PZ",,False,revisar,
REYMA VASO N.10 50 PZ,,False,revisar,
RICH PINA COLADA,,False,revisar,
RK MALV,,False,revisar,
RODILLO DE SILICON,,False,revisar,
ROLLO 45,,False,revisar,
ROYAL ICING,,False,revisar,
ROYAL ICING DEIMAN 50,,False,revisar,
ROYAL ICING DEIMAN 500G,,False,revisar,
ROYAL ICING ENCO,,False,revisar,
RUTZ,,False,revisar,
SABOR RED VELVET,,False,revisar,
SABORIZANT,,False,revisar,
SABROSANO,,False,revisar,
SAN JUAN HVO,,False,revisar,
SANTA CLAR,,False,revisar,
SICAO BLANCO,,False,revisar,
SICAO BLANCO REAL,,False,revisar,
SJUAN HVO,,False,revisar,
SOPORTES,,False,revisar,
SOYARADIR,,False,revisar,
SPRINKLES,,False,revisar,
SRPINKLES,,False,revisar,
SUSPIRO,,False,revisar,
TAPA REYMA C/50,,False,revisar,
TAPETE DE SILICON,,False,revisar,
TEGRAL SATIN CREME CA,,False,revisar,
TEGRAL SATIN CREME CAKE CHOCOLATE,,False,revisar,
TEGRAL SATIN CREME CAKE PURATOS,,False,revisar,
TEGRAL SATIN CREME CAKE VAINILLA,,False,revisar,
TEGRAL SATIN RED VELET CAKE PURATOS,,False,revisar,
TEGRAL SATIN RED VELVET CAKE PURATOS,,False,revisar,
TEGRAL SATIN RED VELVET PURATOS,,False,revisar,
TRANSFER,,False,revisar,
TRANSFER HOJA DE ARROZ GRUESA,,False,revisar,
TREGAL SATIN CREME CA,,False,revisar,
TREGAL SATIN CREME CAKE CHOCOLATE,,False,revisar,
TREGAL SATIN CREME CAKE VAINILLA,,False,revisar,
TURIN AMARGO,,False,revisar,
TURIN CONEJOS MINI 120 GR,,False,revisar,
TURIN SEMI TROZO,,False,revisar,
TURIN SEMIAMARGO,,False,revisar,
TURIN TUBO BAILEYS 200 G,,False,revisar,
VAINILLA,,False,revisar,
"VARIOS ARTICULOS (DOMO, BASES, CAKETOPPER, SPRINKLES)",,False,revisar,
VASO 4 ANCHO REYMA C/,,False,revisar,
VELA BABY YODA,,False,revisar,
VELA CHISPA,,False,revisar,
VELAS,,False,revisar,
VINIL BRILLANTE 140X50 CM,,False,revisar,
WYBOROWA,,False,revisar,
YAHEL PLATANO 500GR,,False,revisar,
ZULKA AZUCAR GLASS 500 G,,False,revisar,
ZULKA GLASS,,False,revisar,
